ID,2_1,2_2,2_3,2_4,2_5,2_all
1,4,5,4,5,5,4
2,4,4,4,4,4,4
3,3,3,4,4,4,4
4,3,4,4,4,4,3
5,4,4,4,4,5,4
6,4,3,4,4,4,4
7,4,4,4,4,4,4
8,3,5,4,3,4,4
9,4,4,4,4,4,3
10,4,5,5,4,5,5
11,2,4,3,2,4,4
12,4,4,4,2,4,4
13,1,1,1,1,1,1
14,3,3,3,2,4,3
15,4,4,4,4,5,4
16,2,3,3,3,4,3
17,4,4,4,4,4,4
18,4,4,4,2,5,4
19,3,3,2,2,4,1
20,4,4,3,3,4,3
21,4,4,4,4,3,3
22,2,2,2,2,3,2
23,3,2,3,3,4,3
24,2,3,2,2,3,2
25,5,5,5,5,5,5
26,2,4,3,2,3,2
27,5,5,4,4,4,4
28,3,4,3,4,4,3
29,3,2,4,4,3,3
30,3,4,4,4,3,3
31,4,4,4,2,5,4
32,3,4,3,4,3,3
33,3,3,3,4,3,3
34,4,3,4,4,3,4
35,2,4,2,2,3,2
36,4,3,4,2,4,3
37,4,4,4,4,4,4
38,4,4,4,4,5,4
39,4,3,4,4,4,4
40,4,4,4,2,4,4
41,2,3,3,4,4,4
42,2,5,4,5,4,4
43,2,2,3,3,4,3
44,4,4,4,4,4,4
45,3,3,3,3,3,3
46,4,4,4,3,4,4
47,4,4,4,4,5,4
48,3,3,4,4,4,4
49,2,3,2,4,4,3
50,3,4,4,4,4,4
51,2,3,3,3,3,3
52,2,3,3,3,3,3
53,4,4,4,4,4,4
54,5,5,5,2,5,3
55,3,3,3,4,3,3
56,2,4,3,2,4,2
57,3,3,3,2,3,2
58,3,3,3,3,3,3
59,4,4,4,4,4,4
60,4,3,3,4,4,3
61,2,2,2,1,2,2
62,3,2,4,2,3,3
63,2,2,2,4,3,2
64,4,4,4,4,4,3
65,3,3,3,3,3,3
66,4,4,4,2,4,4
67,3,2,2,2,3,2
68,4,5,4,4,4,4
69,4,4,3,2,3,2
70,2,2,3,2,4,3
71,4,4,4,4,4,4
72,5,4,4,5,4,5
73,4,4,4,4,4,4
74,2,1,2,4,2,2
75,2,2,2,2,4,3
76,4,2,2,3,4,4
77,2,2,3,4,3,2
78,3,3,3,2,4,2
79,4,4,4,3,5,4
80,4,3,3,4,4,4
81,4,5,5,4,4,4
82,4,4,4,4,4,4
83,2,3,3,4,3,3
84,5,5,5,5,5,4
85,4,4,4,4,4,4
86,4,5,5,5,5,5
87,3,4,3,3,4,3
88,4,4,4,2,4,3
89,4,5,5,5,5,5
90,4,5,4,4,5,4
91,4,4,3,4,4,4
92,2,3,2,3,2,3
93,3,3,4,4,4,4
94,4,4,4,4,4,4
95,4,4,4,4,4,4
96,4,4,4,4,4,4
97,4,4,4,4,4,4
98,4,4,4,4,4,4
99,5,5,5,5,5,5
100,4,4,3,2,4,3
101,3,3,3,2,4,3
102,2,2,2,2,3,3
103,3,3,3,4,4,3
104,4,4,4,2,4,4
105,4,4,4,4,4,4
106,3,4,3,4,3,3
107,2,2,2,4,4,2
108,3,4,4,3,4,4
109,4,4,4,4,4,4
110,2,3,3,5,4,4
111,2,4,4,4,4,4
112,4,2,3,4,4,3
113,2,3,4,5,4,3
114,2,3,3,2,2,2
115,4,4,4,3,3,4
116,4,4,4,5,5,4
117,4,4,3,4,4,3
118,2,2,1,3,3,3
119,4,4,4,4,4,4
120,4,4,4,4,4,2
121,2,3,3,3,4,2
122,3,4,4,4,4,3
123,3,3,3,4,4,3
124,2,2,3,3,4,2
125,4,4,5,4,4,4
126,4,4,4,4,4,4
127,5,5,5,5,5,5
128,4,4,3,5,4,4
129,4,4,3,4,4,4
130,2,4,2,4,4,3
131,2,2,2,2,2,2
132,2,3,2,2,4,3
133,4,4,4,3,4,3
134,4,4,4,3,4,4
135,4,4,4,3,4,4
136,4,3,4,3,4,2
137,4,3,3,4,4,4
138,5,4,5,4,4,5
139,4,5,5,5,4,4
140,5,5,5,4,5,5
141,3,3,3,5,4,4
142,5,4,5,5,5,5
143,3,4,4,4,4,4
144,3,4,3,2,4,3
145,4,4,4,5,4,4
146,3,4,4,4,5,4
147,4,3,3,3,2,3
148,3,5,5,5,4,3
149,5,5,5,5,5,5
150,3,5,2,4,4,4
151,2,5,3,4,4,3
152,4,4,4,4,4,4
153,4,4,4,4,4,4
154,4,4,4,4,4,4
155,2,4,3,4,3,4
156,3,2,3,4,4,4
157,4,4,4,4,4,3
158,3,3,4,4,4,4
159,3,4,3,4,3,3
160,4,4,4,4,4,4
161,3,4,4,4,3,4
162,4,4,4,4,4,4
163,3,3,3,3,3,3
164,5,5,5,5,5,5
165,4,4,4,4,4,4
166,1,1,2,1,4,1
167,4,4,4,4,4,4
168,3,3,3,3,3,3
169,3,4,4,4,4,4
170,5,4,4,4,4,4
171,3,4,3,4,4,4
172,2,2,2,2,4,3
173,3,4,3,4,3,3
174,2,2,3,4,4,3
175,4,4,4,4,4,4
176,3,4,4,4,4,4
177,3,3,3,4,4,3
178,1,3,2,2,2,2
179,2,2,2,3,4,3
180,4,5,4,4,4,4
181,4,4,4,4,4,4
182,4,4,4,2,5,4
183,2,3,2,2,1,1
184,2,4,3,4,3,3
185,3,4,4,5,5,5
186,2,4,3,4,4,3
187,4,4,4,4,4,4
188,3,4,4,4,3,3
189,3,3,4,4,4,4
190,2,2,2,2,3,2
191,3,4,3,4,4,3
192,4,5,2,3,4,4
193,3,3,3,3,4,4
194,4,4,5,5,5,4
195,5,5,5,5,5,5
196,4,5,5,5,5,4
197,4,4,4,4,4,4
198,2,3,3,4,4,2
199,5,3,4,4,5,5
200,4,4,4,4,5,4
201,2,4,4,4,4,3
202,3,3,3,3,3,3
203,4,5,5,5,5,4
204,3,3,3,3,3,2
205,3,4,3,5,4,3
206,2,4,5,4,4,4
207,2,4,4,5,5,2
208,4,4,4,4,4,4
209,4,3,4,3,4,4
210,4,4,4,4,4,3
211,4,4,3,4,4,4
212,2,2,2,2,3,2
213,4,4,4,4,4,4
214,2,4,4,2,4,2
215,3,3,4,3,4,4
216,4,2,4,4,4,4
217,4,3,3,4,4,3
218,4,4,4,4,4,4
219,5,4,4,4,5,4
220,4,4,4,5,4,4
221,2,4,3,4,4,3
222,3,4,4,4,4,4
223,3,3,3,3,3,3
224,3,3,2,3,2,2
225,4,5,5,5,5,4
226,3,3,3,4,4,3
227,2,3,2,4,3,2
228,5,4,4,4,4,4
229,2,1,2,3,4,2
230,4,4,5,4,5,5
231,3,4,4,4,4,4
232,4,4,4,3,1,3
233,5,4,4,2,4,2
234,2,3,4,4,4,2
235,2,2,2,2,2,2
236,3,2,2,2,2,2
237,2,2,1,2,3,3
238,1,3,3,4,3,2
239,3,4,5,5,5,4
240,3,3,3,3,3,3
241,3,2,3,2,4,3
242,3,4,4,3,4,3
243,1,4,3,4,4,2
244,4,4,4,4,4,4
245,2,4,3,2,2,2
246,5,4,5,5,5,3
247,3,2,4,2,4,3
248,4,5,5,5,5,5
249,3,4,4,4,4,4
250,4,4,4,3,4,4
251,2,3,2,3,4,3
252,2,3,1,3,2,1
253,2,2,2,2,3,3
254,2,3,3,4,4,2
255,4,3,4,4,4,4
256,4,4,4,4,4,4
257,2,2,2,2,4,2
258,2,4,4,2,4,3
259,1,2,2,2,3,1
260,2,2,2,3,3,2
261,2,2,2,3,2,2
262,3,3,3,3,4,2
263,2,4,3,1,4,3
264,1,3,2,2,2,2
265,3,4,4,5,4,4
266,2,2,3,2,3,2
267,1,2,1,3,2,3
268,1,3,3,4,4,3
269,4,3,3,3,4,3
270,2,4,3,4,4,4
271,4,4,4,4,4,4
272,4,5,5,5,5,4
273,3,3,3,3,3,3
274,2,2,2,2,3,2
275,1,2,2,2,2,2
276,2,3,3,3,3,2
277,2,5,5,5,3,4
278,1,2,2,2,2,1
279,2,3,3,2,2,2
280,2,2,2,2,3,3
281,4,4,5,5,5,4
282,2,4,4,1,4,3
283,4,4,4,4,4,4
284,1,2,2,3,2,1
285,2,2,2,2,4,2
286,2,3,3,5,5,2
287,2,3,2,2,2,1
288,2,4,3,4,3,3
289,2,3,3,3,3,2
290,3,3,3,3,4,3
291,1,3,2,1,3,1
292,3,3,2,1,2,2
293,4,4,4,4,4,4
294,4,4,4,5,4,4
295,2,2,2,2,2,2
296,2,3,4,4,4,3
297,2,2,2,4,3,2
298,2,4,2,2,3,2
299,5,4,4,5,5,5
300,4,3,4,4,4,4
301,2,4,3,2,3,2
302,3,3,3,5,4,3
303,2,2,2,4,2,3
304,1,1,1,5,2,2
305,2,3,2,2,2,2
306,3,3,3,3,3,3
307,4,5,4,4,4,4
308,1,2,2,3,3,1
309,4,4,4,5,5,4
310,3,4,4,3,3,3
311,4,4,4,5,5,4
312,4,4,3,4,4,4
313,2,4,3,3,3,3
314,4,4,4,4,4,4
315,2,4,3,2,3,2
316,4,4,4,4,4,4
317,3,5,2,3,3,3
318,4,4,4,4,4,4
319,3,4,4,5,4,4
320,1,3,1,2,1,1
321,2,4,4,4,4,2
322,4,4,4,4,4,4
323,3,2,2,3,3,2
324,3,3,3,3,3,3
325,1,3,3,4,1,1
326,2,3,2,3,3,2
327,4,4,4,4,4,4
328,4,5,5,5,5,5
329,4,4,4,4,4,4
330,5,5,5,5,5,5
331,4,5,5,5,5,5
332,5,5,5,5,5,5
333,2,4,2,4,4,2
334,4,5,4,4,5,4
335,2,2,3,3,2,2
336,4,4,5,5,5,5
337,4,4,4,5,4,4
338,4,4,4,5,4,4
339,3,3,3,2,3,3
340,4,5,4,4,5,4
341,3,4,3,3,4,4
342,5,5,4,5,5,5
343,3,4,5,3,4,4
344,3,3,3,4,4,4
345,2,2,2,4,4,2
346,3,2,4,2,4,3
347,3,4,3,4,5,4
348,2,3,4,4,3,2
349,2,2,4,5,5,4
350,3,3,2,2,3,2
351,3,3,3,4,3,3
352,4,4,4,5,5,4
353,2,4,4,4,4,3
354,2,3,3,3,4,4
355,4,4,2,4,4,3
356,4,2,2,3,4,3
357,4,5,4,2,4,3
358,2,2,2,3,5,3
359,4,5,3,5,4,4
360,3,3,3,4,5,4
361,4,4,4,4,4,4
362,2,3,3,2,4,2
363,2,2,2,1,5,1
364,4,3,2,2,5,1
365,4,4,4,5,4,4
366,3,3,3,3,3,3
367,2,3,2,2,3,1
368,2,3,3,2,4,3
369,4,3,4,4,4,4
370,1,2,2,2,2,2
371,2,3,4,2,4,2
372,2,3,3,2,2,2
373,2,4,2,2,3,2
374,2,2,3,2,4,2
375,2,4,2,1,3,2
376,3,3,3,3,3,3
377,2,5,4,3,5,4
378,2,2,2,2,2,2
379,3,4,3,3,3,3
380,4,4,4,4,4,4
381,3,3,3,3,3,3
382,2,3,3,4,2,2
383,1,3,1,1,2,1
384,2,1,2,1,1,1
385,5,5,5,5,5,5
386,2,2,3,3,3,2
387,2,3,2,2,2,2
388,3,4,3,3,4,2
389,5,5,5,5,5,5
390,3,3,3,2,4,2
391,4,3,3,2,3,3
392,1,2,2,2,2,2
393,4,4,4,4,4,4
394,4,2,2,2,2,2
395,1,3,2,1,2,2
396,2,4,3,4,4,3
397,2,4,4,3,4,4
398,5,4,4,4,5,5
399,2,2,2,2,4,2
400,5,5,5,5,5,5
401,3,3,3,3,3,3
402,2,5,4,5,4,3
403,4,3,4,4,4,3
404,2,2,2,2,2,1
405,4,4,4,4,4,4
406,4,5,5,5,5,5
407,2,3,2,3,4,3
408,4,5,5,5,5,4
409,3,1,4,4,5,4
410,2,2,2,3,3,1
411,3,4,3,3,3,2
412,3,3,4,4,4,3
413,5,3,3,4,4,4
414,2,1,1,3,5,2
415,2,5,2,4,4,2
416,4,4,3,3,4,4
417,2,3,3,3,2,2
418,2,4,4,3,4,3
419,4,4,4,3,4,4
420,2,2,2,2,5,2
421,4,3,5,5,4,3
422,4,5,4,5,5,3
423,4,4,4,5,5,4
424,4,4,4,4,4,4
425,4,4,4,5,4,4
426,3,4,4,4,4,3
427,4,4,4,4,4,4
428,4,4,4,3,4,4
429,3,2,3,4,4,3
430,3,3,4,3,4,4
431,4,4,4,5,4,4
432,4,4,4,4,4,4
433,3,3,2,4,5,4
434,2,2,2,2,4,2
435,1,4,2,4,4,2
436,4,4,4,5,5,4
437,4,4,4,5,5,5
438,4,3,4,5,4,4
439,4,4,4,4,4,4
440,4,3,3,3,3,3
441,3,4,4,3,4,4
442,1,5,3,5,4,1
443,1,2,1,3,4,2
444,3,4,4,4,4,4
445,5,4,4,5,5,4
446,2,4,2,2,2,1
447,4,5,4,4,4,4
448,4,4,4,4,4,4
449,3,4,3,4,4,4
450,3,4,4,4,4,4
451,4,3,4,3,4,4
452,4,4,3,4,4,4
453,5,4,3,3,4,3
454,3,4,3,3,3,3
455,3,3,2,2,3,3
456,2,2,3,2,3,2
457,2,4,3,2,4,3
458,2,4,3,2,4,4
459,3,2,3,1,2,2
460,4,5,5,5,5,4
461,3,3,4,4,4,2
462,2,4,4,2,2,1
463,4,4,4,4,4,4
464,4,4,4,3,4,2
465,1,2,2,4,2,1
466,4,4,2,2,4,2
467,4,4,4,5,5,4
468,3,3,2,5,4,4
469,3,4,4,4,4,4
470,3,4,3,2,4,3
471,4,4,5,5,4,4
472,1,1,1,1,3,2
473,3,3,3,3,3,3
474,4,5,5,5,4,4
475,4,4,4,2,4,3
476,3,3,2,2,4,3
477,2,2,3,2,3,2
478,1,2,2,2,3,2
479,5,1,5,5,5,5
480,5,4,5,5,5,5
481,2,4,2,4,4,4
482,4,5,5,4,5,4
483,4,4,4,4,4,4
484,1,3,2,2,4,1
485,3,3,3,3,4,3
486,4,5,4,5,5,5
487,2,4,2,4,2,3
488,4,5,5,5,5,5
489,4,2,4,3,5,4
490,4,4,4,4,5,4
491,4,5,4,5,4,4
492,4,5,2,3,5,4
493,4,5,2,4,5,3
494,4,4,4,4,4,4
495,2,3,2,2,2,1
496,1,1,1,1,2,1
497,5,5,5,5,5,5
498,3,4,4,4,4,4
499,2,4,4,5,4,2
500,4,5,4,5,5,4
501,3,4,4,4,4,4
502,2,2,2,2,2,2
503,4,5,5,5,5,4
504,2,3,3,4,4,3
505,3,4,4,4,4,4
506,3,4,4,4,4,3
507,3,3,3,5,3,3
508,2,3,3,4,3,3
509,2,3,4,5,5,2
510,2,2,2,4,2,2
511,3,3,3,3,2,2
512,2,2,3,2,3,2
513,2,3,4,3,3,3
514,3,4,3,3,4,3
515,2,3,2,5,5,2
516,2,2,5,5,5,5
517,1,2,2,3,4,4
518,4,4,4,4,4,4
519,5,5,5,5,5,5
520,4,2,4,4,4,3
521,3,4,3,4,4,3
522,3,3,4,3,4,3
523,1,2,2,1,2,1
524,3,3,3,2,4,3
525,3,3,3,3,3,3
526,4,5,4,5,4,4
527,4,4,4,4,4,4
528,4,4,3,3,4,4
529,4,4,4,4,4,4
530,4,4,4,4,4,4
531,4,3,3,3,3,3
532,4,3,3,4,4,3
533,4,4,4,5,5,4
534,3,4,3,3,4,3
535,3,4,4,4,4,4
536,2,4,4,4,4,3
537,3,3,3,3,3,3
538,2,2,3,2,3,2
539,4,1,3,5,5,5
540,2,4,4,2,4,3
541,3,3,3,2,3,3
542,3,3,3,3,4,3
543,4,4,4,4,4,4
544,4,4,4,4,4,4
545,1,1,2,2,2,1
546,3,3,4,4,3,3
547,4,5,4,4,5,4
548,1,2,3,2,3,2
549,3,4,4,4,3,3
550,2,2,2,4,4,2
551,2,4,4,4,4,4
552,4,5,4,5,5,4
553,4,4,4,4,4,4
554,1,1,1,1,1,1
555,4,4,4,4,4,3
556,4,5,4,5,5,5
557,5,5,5,5,5,5
558,3,4,3,4,4,2
559,4,4,4,4,4,4
560,5,3,5,4,5,5
561,4,4,4,4,3,3
562,5,4,4,5,5,5
563,4,4,4,5,5,5
564,4,4,4,4,4,4
565,2,3,3,1,4,3
566,4,3,4,4,2,4
567,5,5,5,4,5,4
568,4,4,5,4,4,4
569,5,4,4,4,4,4
570,4,3,3,3,4,3
571,3,3,3,3,5,3
572,5,3,4,2,4,3
573,4,3,4,4,4,5
574,2,4,2,5,5,4
575,3,2,3,4,4,4
576,4,5,4,4,4,4
577,3,4,2,2,3,3
578,4,4,4,5,5,5
579,2,2,2,2,4,2
580,4,3,3,4,4,4
581,3,2,2,3,3,2
582,2,2,2,2,3,2
583,2,2,2,2,2,2
584,3,4,4,2,4,3
585,4,5,5,5,5,5
586,4,2,4,2,4,4
587,4,4,4,4,4,2
588,3,2,4,3,4,3
589,4,4,4,4,4,4
590,3,4,4,4,4,5
591,4,3,3,2,4,4
592,3,5,4,4,4,4
593,4,4,4,4,4,4
594,3,3,3,3,3,3
595,4,4,4,4,4,4
596,4,3,4,4,5,4
597,4,3,4,3,4,4
598,4,3,4,4,4,3
599,2,3,2,3,4,3
600,4,3,4,4,5,4
601,4,5,4,4,5,5
602,4,3,3,3,5,5
603,2,3,2,4,4,1
604,4,3,3,4,4,3
605,3,3,4,4,4,4
606,2,3,2,4,4,3
607,4,5,5,5,5,5
608,3,3,3,4,4,3
609,4,5,4,4,4,4
610,4,4,4,4,4,4
611,5,5,5,5,5,5
612,4,3,4,4,4,4
613,2,3,2,2,2,2
614,4,4,4,4,4,4
615,4,5,4,5,4,4
616,4,4,4,3,4,4
617,4,3,4,4,5,4
618,4,3,3,4,4,4
619,4,4,4,4,4,3
620,2,3,3,4,4,2
621,1,1,1,2,2,1
622,3,4,3,2,4,3
623,4,4,4,4,4,4
624,4,3,2,3,3,2
625,1,1,1,1,1,1
626,4,2,2,5,2,4
627,5,4,4,4,5,4
628,5,5,4,4,4,4
629,4,4,4,4,4,4
630,5,5,5,5,5,5
631,3,2,3,2,3,3
632,2,2,3,4,4,3
633,4,3,4,5,5,4
634,5,4,5,4,4,4
635,4,3,4,3,5,4
636,3,4,3,5,4,4
637,4,5,4,5,4,4
638,4,4,4,4,5,4
639,2,4,4,4,2,3
640,3,4,4,4,4,4
641,4,4,4,4,4,4
642,2,2,3,3,4,3
643,3,3,3,3,4,4
644,4,5,4,4,4,4
645,5,5,5,5,5,5
646,5,5,5,5,5,5
647,4,4,4,4,4,4
648,3,3,3,3,2,2
649,4,3,4,3,4,4
650,2,2,2,3,3,2
651,4,4,4,4,4,4
652,4,4,4,4,4,2
653,4,4,4,4,4,4
654,4,4,4,4,4,4
655,3,3,3,3,3,3
656,5,4,4,5,5,4
657,4,4,4,4,4,4
658,2,2,3,3,2,2
659,4,5,5,5,5,5
660,4,4,3,3,4,3
661,5,4,5,5,5,5
662,2,2,2,3,4,4
663,3,3,3,2,3,2
664,3,2,4,4,4,2
665,2,3,2,5,2,2
666,4,3,4,4,5,5
667,3,3,3,3,2,2
668,5,5,5,5,5,4
669,3,3,3,4,4,4
670,2,4,3,3,4,4
671,3,4,3,3,4,3
672,2,4,2,2,3,2
673,4,4,4,3,5,4
674,2,4,2,2,2,3
675,3,3,3,3,4,2
676,1,2,3,5,4,3
677,3,2,3,3,3,2
678,4,5,4,4,5,4
679,4,4,4,3,4,3
680,1,1,1,1,3,1
681,3,3,3,2,4,4
682,4,4,4,4,4,4
683,4,2,4,4,4,4
684,2,4,3,3,4,2
685,4,4,4,2,3,4
686,4,3,3,3,4,3
687,2,3,1,2,2,1
688,1,1,2,1,2,2
689,4,4,4,4,5,4
690,2,2,2,3,3,2
691,2,4,2,2,3,3
692,4,4,4,4,4,4
693,2,2,2,2,2,2
694,2,4,2,2,2,2
695,3,2,2,2,3,2
696,4,4,4,3,3,4
697,3,4,3,2,4,2
698,2,2,2,2,2,2
699,4,3,4,2,4,3
700,2,2,2,2,3,2
701,4,3,3,3,4,3
702,1,3,3,2,2,2
703,2,2,2,2,3,2
704,2,2,2,1,2,2
705,3,3,3,3,3,3
706,4,4,3,4,4,4
707,3,3,3,4,3,3
708,1,2,1,2,2,1
709,2,2,2,4,4,3
710,3,4,4,4,4,4
711,3,3,2,3,3,3
712,3,4,4,4,5,4
713,2,2,2,2,2,2
714,3,3,4,4,4,4
715,3,3,3,3,3,3
716,4,4,4,4,4,4
717,3,5,4,2,4,5
718,4,4,4,2,4,4
719,2,2,3,3,4,3
720,4,4,4,4,4,3
721,2,2,2,2,2,2
722,4,4,3,3,4,3
723,2,2,4,3,3,3
724,2,3,3,4,4,3
725,3,3,4,4,4,4
726,2,2,2,2,2,2
727,2,3,4,4,4,3
728,3,4,3,3,3,3
729,3,2,2,2,3,3
730,3,3,3,3,4,3
731,2,2,1,3,3,2
732,3,3,3,3,4,3
733,3,3,4,4,4,4
734,2,3,2,2,3,2
735,3,2,2,2,3,3
736,1,1,1,3,2,1
737,3,3,3,4,3,3
738,3,3,2,3,4,3
739,4,4,3,2,4,4
740,4,4,4,4,4,4
741,2,2,2,2,4,3
742,1,1,2,1,1,2
743,2,2,2,1,3,1
744,2,2,3,3,2,2
745,4,4,4,4,4,4
746,2,3,3,4,4,2
747,3,3,3,3,3,3
748,3,3,3,3,3,3
749,2,4,3,3,3,2
750,2,3,2,3,3,2
751,4,4,4,4,4,4
752,4,3,3,3,3,3
753,2,2,1,2,3,2
754,4,5,5,5,5,4
755,2,3,3,3,3,2
756,3,3,3,4,3,3
757,2,2,3,2,2,2
758,5,3,4,2,3,2
759,4,4,3,4,4,3
760,4,4,4,5,4,4
761,4,4,4,4,4,4
762,5,4,4,4,5,5
763,3,3,3,3,3,3
764,3,3,3,3,3,3
765,3,3,3,3,3,3
766,3,2,2,3,3,3
767,3,3,3,3,3,3
768,1,3,3,3,1,1
769,2,2,2,2,3,2
770,3,4,4,4,4,3
771,3,3,3,3,4,3
772,3,3,3,3,3,3
773,4,5,5,5,5,5
774,3,3,3,3,3,3
775,5,5,5,5,5,4
776,3,3,3,4,3,2
777,1,1,1,2,1,1
778,4,4,4,3,4,4
779,3,4,4,4,3,3
780,2,2,2,1,2,2
781,2,2,2,4,4,2
782,2,3,2,4,4,3
783,4,4,4,3,4,4
784,5,1,2,2,3,2
785,2,3,3,2,3,3
786,3,3,3,3,3,4
787,3,3,3,3,4,3
788,3,3,3,3,3,3
789,3,3,4,4,4,2
790,4,4,4,5,5,4
791,4,3,3,4,4,3
792,3,2,2,4,4,3
793,5,5,5,5,5,4
794,2,2,1,2,2,2
795,4,4,4,5,4,4
796,4,4,4,4,4,4
797,2,1,2,2,3,2
798,5,4,4,4,4,4
799,3,3,3,4,4,4
800,5,5,5,5,5,5
801,3,4,4,4,4,4
802,3,4,4,5,5,4
803,2,2,3,2,3,2
804,4,4,4,2,4,4
805,1,1,2,3,3,2
806,2,2,2,4,4,3
807,1,1,1,1,1,1
808,3,3,4,1,4,4
809,2,3,3,2,2,1
810,3,3,2,2,2,2
811,2,4,4,4,4,3
812,2,2,2,2,2,2
813,1,1,1,1,1,1
814,2,2,4,4,4,2
815,3,2,3,3,4,3
816,2,2,2,4,2,4
817,3,2,3,4,4,3
818,3,2,2,3,2,2
819,2,2,2,2,2,2
820,2,2,2,2,2,2
821,2,3,2,2,4,3
822,3,4,4,4,4,3
823,2,3,1,3,3,2
824,4,3,3,1,4,4
825,2,2,2,2,4,1
826,4,4,4,3,4,4
827,3,4,3,3,3,3
828,2,1,2,2,4,2
829,2,3,3,4,4,3
830,3,3,3,3,3,3
831,5,5,5,4,5,5
832,5,5,4,3,5,4
833,4,3,3,3,4,4
834,2,2,2,2,3,2
835,5,5,5,5,5,5
836,3,3,4,3,3,3
837,4,4,4,4,4,4
838,3,4,4,4,4,3
839,2,3,3,3,4,3
840,3,4,3,4,3,3
841,3,4,3,2,3,3
842,2,2,2,4,2,2
843,3,3,3,3,3,3
844,2,4,3,4,3,4
845,1,1,2,2,1,1
846,2,3,2,4,4,4
847,4,4,4,4,5,4
848,4,3,4,4,5,3
849,3,5,5,5,3,3
850,4,4,4,4,4,4
851,3,3,2,2,5,4
852,2,2,2,5,2,3
853,5,5,5,5,5,5
854,3,3,3,4,4,3
855,4,5,4,5,4,5
856,2,2,3,2,4,3
857,3,4,4,4,5,4
858,2,2,2,1,2,2
859,1,2,2,2,4,2
860,1,2,2,1,2,1
861,4,5,5,5,5,5
862,2,4,4,4,5,4
863,2,4,4,3,4,3
864,2,4,4,2,5,2
865,4,4,4,2,5,4
866,2,3,2,3,2,1
867,2,2,3,2,3,2
868,3,4,4,4,4,4
869,2,3,2,3,4,2
870,2,2,2,2,2,2
871,4,5,4,5,5,5
872,2,5,2,4,4,3
873,2,3,3,2,4,2
874,2,3,2,4,2,1
875,2,2,2,4,4,2
876,3,4,4,3,4,3
877,2,2,3,3,4,2
878,2,3,2,3,3,2
879,3,3,3,3,3,3
880,1,1,1,2,3,1
881,2,4,3,4,4,4
882,2,2,1,3,3,1
883,2,4,2,4,3,1
884,1,4,2,5,4,1
885,4,3,4,4,4,4
886,2,2,2,3,3,2
887,4,4,4,5,4,4
888,3,3,3,5,5,3
889,2,2,2,2,4,3
890,5,5,5,5,5,5
891,4,4,4,2,4,3
892,5,4,5,5,4,5
893,2,3,4,4,4,4
894,2,3,2,2,2,2
895,2,4,3,3,4,2
896,2,3,2,3,3,3
897,4,4,3,4,4,3
898,5,5,5,5,5,5
899,4,5,4,5,4,4
900,4,4,4,4,4,4
901,4,4,4,4,4,4
902,2,2,3,2,3,3
903,4,4,4,4,5,5
904,2,2,2,2,4,2
905,2,3,3,3,3,3
906,3,4,2,4,4,2
907,2,5,4,4,2,3
908,1,5,1,5,4,2
909,2,2,4,2,5,2
910,4,4,4,4,4,4
911,1,4,2,1,3,1
912,2,4,2,2,3,2
913,4,4,4,5,4,4
914,3,2,3,2,5,4
915,3,3,3,4,4,4
916,4,4,4,5,5,4
917,1,2,4,3,2,1
918,2,4,3,2,3,2
919,4,4,4,4,4,4
920,4,5,4,5,5,4
921,2,4,3,2,4,3
922,3,4,3,4,4,3
923,4,4,4,4,4,4
924,2,2,2,2,2,2
925,4,5,4,5,4,4
926,3,3,3,2,2,1
927,2,3,2,4,2,3
928,2,4,4,5,4,2
929,4,4,4,5,4,4
930,3,3,3,4,3,2
931,5,5,4,5,5,4
932,5,5,5,5,4,4
933,4,5,5,5,5,5
934,4,4,4,4,4,4
935,2,5,4,4,4,2
936,4,4,4,5,3,4
937,3,4,4,2,3,3
938,3,4,4,4,4,4
939,4,4,4,4,4,3
940,4,4,5,5,5,5
941,3,2,3,2,5,4
942,3,4,4,3,4,4
943,2,3,2,3,2,2
944,2,4,3,4,4,3
945,3,4,4,4,3,3
946,2,3,3,4,2,2
947,4,4,3,5,4,4
948,4,4,3,3,3,3
949,4,4,4,4,4,4
950,3,3,3,2,3,3
951,3,3,3,3,3,3
952,3,4,3,3,5,4
953,2,2,2,2,2,2
954,3,3,3,3,3,3
955,2,3,2,1,2,2
956,2,2,3,3,3,2
957,4,4,4,4,4,4
958,4,4,3,3,3,3
959,3,4,3,4,4,3
960,4,4,4,4,4,4
961,4,4,4,4,4,4
962,3,4,4,3,4,4
963,2,3,2,5,3,2
964,2,2,2,3,2,1
965,3,3,3,4,3,3
966,3,3,3,5,2,3
967,4,4,4,3,4,4
968,3,4,3,5,5,3
969,2,4,3,4,4,2
970,3,3,3,3,3,3
971,5,5,5,5,5,5
972,2,3,3,2,4,3
973,3,3,3,4,4,3
974,4,4,4,5,5,4
975,4,4,4,4,4,4
976,3,3,3,4,4,3
977,4,4,4,5,5,4
978,4,3,4,4,4,4
979,1,2,3,4,3,2
980,4,5,5,5,5,5
981,3,4,4,4,3,3
982,2,4,3,3,2,2
983,4,4,4,4,4,3
984,4,5,5,4,4,4
985,1,2,2,2,3,1
986,2,2,2,2,2,2
987,4,5,5,4,4,3
988,3,3,3,3,3,3
989,2,2,2,2,2,2
990,5,5,4,5,5,5
991,5,5,5,5,5,5
992,2,2,2,2,2,1
993,4,4,4,4,4,4
994,4,5,4,5,5,4
995,4,4,5,4,5,4
996,5,5,5,5,5,5
997,2,2,2,5,2,2
998,4,4,4,5,4,5
999,5,5,5,5,4,4
1000,2,5,5,5,2,3
1001,3,3,3,4,3,3
1002,3,3,3,3,3,3
1003,4,5,5,3,4,5
1004,4,4,4,4,4,4
1005,4,5,5,5,5,4
1006,3,3,3,4,4,2
1007,2,2,2,2,3,2
1008,2,3,2,3,3,3
1009,4,4,4,5,5,4
1010,1,1,1,2,2,1
1011,4,4,4,4,5,4
1012,2,2,2,3,3,2
1013,4,5,4,4,4,4
1014,3,5,3,3,4,3
1015,3,3,3,4,4,4
1016,2,3,3,4,4,3
1017,4,4,4,4,4,4
1018,4,4,4,4,4,4
1019,3,4,3,4,5,4
1020,4,4,4,4,5,4
1021,2,3,4,4,3,4
1022,3,3,5,4,4,4
1023,5,5,5,5,5,5
1024,3,4,4,4,4,4
1025,2,4,4,4,4,4
1026,2,2,3,2,3,2
1027,3,4,4,4,3,3
1028,3,4,4,3,3,3
1029,3,4,3,3,5,3
1030,4,4,1,4,4,4
1031,2,4,3,4,3,2
1032,1,1,1,1,2,1
1033,3,3,3,3,4,3
1034,2,3,3,3,2,2
1035,4,4,4,3,3,4
1036,3,4,3,4,4,4
1037,4,4,4,4,4,4
1038,4,4,4,4,4,4
1039,3,4,3,3,3,3
1040,1,2,2,2,3,3
1041,4,4,4,4,4,4
1042,2,3,3,2,3,3
1043,2,3,3,2,2,3
1044,3,4,4,5,4,4
1045,4,5,5,5,5,5
1046,4,4,4,4,4,3
1047,2,4,3,1,3,2
1048,4,2,4,4,4,2
1049,4,4,4,4,4,4
1050,5,5,5,4,5,4
1051,2,2,3,4,3,2
1052,1,3,4,2,3,2
1053,3,4,3,3,4,3
1054,3,4,4,3,4,4
1055,4,3,3,2,5,4
1056,2,4,2,2,3,3
1057,2,3,3,4,4,4
1058,2,4,2,3,3,2
1059,3,3,2,3,3,3
1060,2,2,2,2,2,2
1061,3,4,3,5,5,4
1062,3,3,3,3,3,2
1063,4,4,3,4,4,3
1064,4,4,4,5,4,4
1065,3,4,4,1,4,3
1066,5,5,5,5,5,4
1067,4,4,4,4,4,5
1068,5,5,4,4,5,5
1069,3,2,2,3,4,2
1070,4,5,4,5,5,5
1071,3,3,3,3,3,3
1072,2,2,2,4,2,2
1073,5,5,5,5,5,5
1074,3,4,4,4,4,4
1075,3,3,3,3,3,3
1076,1,1,2,1,2,2
1077,3,4,5,2,5,5
1078,3,2,4,4,4,3
1079,4,5,2,5,3,3
1080,4,4,4,4,4,4
1081,4,4,4,4,4,4
1082,3,3,4,4,4,3
1083,2,2,4,4,4,2
1084,5,5,5,5,5,5
1085,4,3,3,4,3,4
1086,2,2,3,3,3,3
1087,4,4,4,5,4,4
1088,4,4,5,5,4,4
1089,5,5,5,5,5,5
1090,3,4,4,4,5,4
1091,2,4,3,4,3,3
1092,2,3,2,2,3,3
1093,4,4,4,3,4,4
1094,4,3,4,3,4,3
1095,4,4,3,4,4,3
1096,3,3,2,4,4,2
1097,2,3,4,4,4,3
1098,4,5,4,2,5,4
1099,2,4,3,4,4,3
1100,3,3,3,3,4,3
1101,5,5,5,5,5,5
1102,2,4,2,4,4,2
1103,3,3,3,3,3,3
1104,2,3,3,2,4,3
1105,3,4,4,3,4,4
1106,2,2,2,4,4,4
1107,3,4,3,2,4,3
1108,3,3,3,2,4,3
1109,4,4,4,4,4,4
1110,4,4,3,3,3,3
1111,4,4,4,4,4,3
1112,4,5,4,5,5,5
1113,4,4,4,4,4,4
1114,4,5,5,5,5,4
1115,2,4,2,4,4,3
1116,4,4,4,5,4,4
1117,4,4,4,5,4,4
1118,4,4,4,5,5,5
1119,4,4,4,4,4,4
1120,4,4,4,4,4,4
1121,4,5,4,5,4,4
1122,5,5,5,5,5,5
1123,4,4,4,4,4,2
1124,3,4,3,4,4,3
1125,3,4,4,4,4,4
1126,2,5,4,4,4,3
1127,4,4,4,4,4,4
1128,4,3,3,2,4,4
1129,4,4,3,3,4,3
1130,3,4,4,4,3,3
1131,3,4,3,4,4,2
1132,3,4,4,4,4,3
1133,4,4,3,4,4,4
1134,3,3,3,3,3,3
1135,3,3,3,3,4,3
1136,3,4,3,3,3,3
1137,5,3,4,5,4,4
1138,2,2,3,4,2,2
1139,3,3,3,3,3,3
1140,3,5,5,5,3,3
1141,2,3,3,4,4,2
1142,2,2,1,3,4,3
1143,3,3,3,3,3,3
1144,1,2,2,2,3,2
1145,2,4,4,4,4,3
1146,2,4,4,3,4,3
1147,2,4,2,2,4,2
1148,4,4,4,5,4,4
1149,2,4,1,3,3,1
1150,2,5,4,4,5,4
1151,4,3,4,3,5,5
1152,2,2,2,2,4,2
1153,4,4,4,5,5,4
1154,3,3,3,2,2,3
1155,2,3,1,5,5,3
1156,4,4,4,5,4,4
1157,2,4,3,2,4,3
1158,3,4,3,3,3,3
1159,4,4,4,5,5,4
1160,5,5,5,5,5,5
1161,3,3,3,3,4,3
1162,5,5,4,5,5,5
1163,4,4,4,2,4,2
1164,4,4,4,4,4,4
1165,2,3,3,3,4,2
1166,1,1,1,1,1,1
1167,3,3,3,3,3,3
1168,4,4,4,2,3,3
1169,4,4,4,4,4,4
1170,4,4,4,4,4,4
1171,4,5,4,4,5,3
1172,3,4,2,3,3,3
1173,2,2,2,2,2,2
1174,4,4,4,4,4,4
1175,3,4,4,4,4,3
1176,2,3,3,3,3,3
1177,4,4,4,4,5,4
1178,2,4,2,2,4,2
1179,3,4,4,3,5,4
1180,4,5,5,4,5,5
1181,3,4,3,3,3,3
1182,4,4,4,2,4,4
1183,3,4,3,1,3,3
1184,5,5,5,4,5,5
1185,4,3,4,4,5,4
1186,3,4,3,3,3,2
1187,4,4,4,4,4,4
1188,3,3,3,3,3,3
1189,2,4,2,2,4,2
1190,4,4,4,4,4,4
1191,3,3,3,4,3,3
1192,3,4,2,3,3,2
1193,3,3,3,4,4,3
1194,2,4,2,3,3,2
1195,4,3,4,5,4,3
1196,4,4,4,4,4,4
1197,2,2,3,2,4,2
1198,1,2,2,4,2,2
1199,3,4,4,4,4,4
1200,4,4,4,4,4,4
1201,4,4,3,4,3,3
1202,3,3,3,3,4,3
1203,2,3,4,4,4,3
1204,2,2,2,4,4,3
1205,2,5,2,2,4,2
1206,4,4,4,3,4,4
1207,4,4,4,2,4,3
1208,4,4,4,4,4,4
1209,2,4,5,5,4,2
1210,2,2,3,3,2,2
1211,2,4,3,5,5,3
1212,4,4,4,4,4,3
1213,4,4,4,4,4,4
1214,2,4,4,4,5,4
1215,4,4,4,3,4,4
1216,4,3,4,3,4,4
1217,4,5,4,4,5,4
1218,3,4,4,3,4,4
1219,4,4,4,3,4,3
1220,2,2,2,2,4,2
1221,2,2,2,2,2,2
1222,2,4,3,4,4,4
1223,3,4,4,4,4,3
1224,4,3,4,2,3,2
1225,3,4,4,4,3,3
1226,4,4,4,5,4,4
1227,4,4,4,4,4,4
1228,2,2,4,4,4,4
1229,2,4,3,4,4,4
1230,1,3,3,4,2,1
1231,2,3,3,3,3,3
1232,3,3,3,2,2,3
1233,2,3,2,3,2,2
1234,2,4,2,4,2,2
1235,2,5,3,3,3,3
1236,4,4,3,4,4,3
1237,3,4,3,3,4,2
1238,1,3,3,3,2,1
1239,4,4,4,4,4,3
1240,3,3,3,4,3,3
1241,4,4,4,4,4,4
1242,3,3,3,3,3,3
1243,2,4,2,3,2,2
1244,3,3,3,3,3,3
1245,2,2,1,3,2,2
1246,3,4,2,4,4,3
1247,1,3,4,4,2,2
1248,1,3,4,2,2,2
1249,4,4,4,4,4,4
1250,2,4,4,2,3,3
1251,2,3,2,2,2,3
1252,4,4,2,2,2,2
1253,4,5,4,4,4,4
1254,2,3,3,4,2,3
1255,2,5,4,5,3,3
1256,3,3,3,3,3,3
1257,2,4,3,4,4,4
1258,2,1,2,2,3,2
1259,2,2,2,2,2,1
1260,2,4,3,4,2,2
1261,2,4,2,2,2,2
1262,5,4,5,5,5,3
1263,2,4,3,4,2,3
1264,3,3,3,4,3,3
1265,4,4,4,4,4,4
1266,2,2,2,2,2,3
1267,4,4,4,3,4,3
1268,4,3,3,4,4,3
1269,4,4,2,3,3,2
1270,2,2,2,4,4,2
1271,3,3,3,5,4,3
1272,2,2,2,2,4,2
1273,2,3,2,3,4,3
1274,4,4,4,4,4,4
1275,4,5,2,4,4,3
1276,4,4,4,4,4,4
1277,1,2,2,3,2,2
1278,2,3,3,3,3,3
1279,2,3,2,2,2,2
1280,2,4,4,4,3,3
1281,3,3,3,3,3,3
1282,4,1,1,1,3,2
1283,1,1,1,1,1,1
1284,3,3,3,3,3,3
1285,4,4,4,5,4,3
1286,4,4,3,4,4,2
1287,4,4,3,4,4,4
1288,3,4,3,2,3,1
1289,1,2,2,2,2,2
1290,2,5,4,2,4,3
1291,2,4,4,4,2,2
1292,1,2,2,2,2,2
1293,3,2,3,2,3,1
1294,2,2,2,4,4,1
1295,2,2,2,2,2,3
1296,2,3,4,4,4,2
1297,1,3,3,3,3,2
1298,1,4,2,2,4,2
1299,4,4,4,4,4,4
1300,2,3,3,2,3,2
1301,2,3,3,4,5,4
1302,1,2,2,1,2,1
1303,2,4,2,3,3,2
1304,3,2,4,4,5,3
1305,4,4,4,4,4,3
1306,2,3,3,2,3,1
1307,3,2,2,2,2,2
1308,3,4,4,3,4,3
1309,3,3,3,3,3,3
1310,4,4,4,2,4,4
1311,1,1,1,1,2,1
1312,4,4,4,4,4,4
1313,1,4,2,3,2,1
1314,4,4,4,4,4,4
1315,2,3,4,4,3,2
1316,3,4,4,4,5,4
1317,4,5,4,5,4,4
1318,2,3,2,2,2,2
1319,2,4,2,2,4,3
1320,3,4,4,2,4,2
1321,3,4,4,2,4,2
1322,3,3,3,4,4,3
1323,2,2,2,3,3,3
1324,3,3,3,3,3,3
1325,4,4,3,3,5,4
1326,2,2,2,2,4,2
1327,2,4,2,1,4,4
1328,4,4,4,3,4,4
1329,3,4,4,5,4,4
1330,2,2,2,4,3,2
1331,3,3,3,4,4,4
1332,2,4,2,5,5,4
1333,3,3,3,3,3,3
1334,4,4,4,4,4,4
1335,4,4,4,4,4,4
1336,5,5,5,5,5,5
1337,4,4,2,2,4,3
1338,2,2,2,4,4,3
1339,3,3,3,2,3,3
1340,4,4,4,4,5,4
1341,1,2,1,2,3,2
1342,1,2,2,5,3,1
1343,5,5,5,5,5,5
1344,4,4,4,5,4,4
1345,3,4,4,3,4,4
1346,3,4,3,4,3,3
1347,4,4,4,4,4,4
1348,4,4,4,4,4,4
1349,3,4,4,3,5,4
1350,4,4,2,3,4,3
1351,2,4,3,5,4,2
1352,2,3,3,3,4,2
1353,2,3,4,3,4,4
1354,3,3,2,5,3,2
1355,2,2,4,4,4,4
1356,3,3,4,4,4,4
1357,2,2,2,2,4,2
1358,4,4,4,4,4,3
1359,2,4,4,4,3,3
1360,1,3,2,2,3,2
1361,4,4,3,3,4,4
1362,3,3,4,4,4,4
1363,4,5,4,5,4,2
1364,4,4,4,4,4,4
1365,3,5,4,4,5,4
1366,4,4,4,4,4,4
1367,5,5,5,5,5,5
1368,4,4,4,3,4,3
1369,4,4,4,4,4,3
1370,3,4,4,4,5,4
1371,4,5,4,5,5,5
1372,2,4,3,2,4,3
1373,2,2,2,4,4,2
1374,3,4,4,4,4,4
1375,3,4,4,3,4,4
1376,2,5,4,4,5,4
1377,4,5,4,4,5,4
1378,4,2,3,3,4,3
1379,4,4,4,4,4,4
1380,4,4,3,4,3,3
1381,3,3,3,3,3,3
1382,4,5,5,5,5,5
1383,4,5,4,5,4,4
1384,4,4,4,4,4,4
1385,4,5,5,5,5,5
1386,3,4,3,4,5,3
1387,3,3,4,5,4,4
1388,4,4,4,4,4,4
1389,2,2,2,2,4,2
1390,2,2,2,4,2,2
1391,3,3,3,4,4,3
1392,3,4,4,4,4,3
1393,4,5,5,5,4,4
1394,4,4,4,5,4,4
1395,3,4,4,4,3,3
1396,4,4,4,4,4,4
1397,4,3,4,4,4,4
1398,3,4,3,4,3,4
1399,2,4,2,2,3,1
1400,4,4,4,4,4,4
1401,4,5,3,4,4,3
1402,3,4,3,4,3,2
1403,3,3,3,4,4,3
1404,2,3,2,3,3,2
1405,4,3,2,2,4,3
1406,3,3,4,4,4,4
1407,4,4,4,4,4,4
1408,2,3,2,3,3,2
1409,3,4,4,3,4,3
1410,3,4,4,4,4,3
1411,2,3,3,3,3,3
1412,4,5,3,2,4,3
1413,4,4,4,3,4,3
1414,2,5,3,5,5,4
1415,2,4,2,3,2,2
1416,1,2,1,2,2,1
1417,3,2,2,2,2,2
1418,3,3,3,3,3,3
1419,3,4,4,4,4,4
1420,3,2,2,3,3,2
1421,3,4,4,4,4,4
1422,4,4,3,2,4,3
1423,4,5,5,4,5,4
1424,4,4,4,2,4,4
1425,2,2,1,3,1,2
1426,5,5,4,4,5,5
1427,4,3,3,4,4,3
1428,4,4,4,4,4,4
1429,2,4,4,3,4,2
1430,2,2,2,2,2,2
1431,3,3,3,3,3,3
1432,5,5,4,5,5,5
1433,4,5,5,5,5,4
1434,1,4,4,5,2,3
1435,2,3,4,4,4,3
1436,4,5,4,4,4,4
1437,3,5,4,5,4,4
1438,4,4,4,5,4,4
1439,2,2,2,2,2,2
1440,4,4,4,4,3,3
1441,4,4,4,4,4,4
1442,5,5,5,5,5,5
1443,4,5,5,5,4,4
1444,5,5,5,5,5,5
1445,3,4,3,4,4,4
1446,4,5,4,5,3,3
1447,5,5,4,5,5,5
1448,4,4,4,5,5,4
1449,4,4,4,5,5,5
1450,5,5,5,5,5,5
1451,3,4,4,4,4,3
1452,4,5,4,4,5,4
1453,3,4,4,4,4,4
1454,3,5,4,5,5,4
1455,2,3,3,4,3,1
1456,4,3,4,4,4,3
1457,3,4,4,4,5,4
1458,4,4,4,4,4,4
1459,4,5,5,4,5,4
1460,3,4,3,3,4,4
1461,2,2,3,4,4,2
1462,3,4,3,4,4,4
1463,1,1,1,1,1,1
1464,2,3,4,4,3,2
1465,3,5,4,3,3,4
1466,3,4,3,4,4,3
1467,2,2,3,4,4,2
1468,4,5,4,4,4,3
1469,2,4,2,3,3,2
1470,3,5,3,1,4,4
1471,3,4,4,4,4,3
1472,2,4,4,4,4,3
1473,2,3,2,4,3,2
1474,3,3,3,3,3,3
1475,4,5,5,3,4,4
1476,1,4,4,2,2,1
1477,2,4,2,4,4,2
1478,4,4,4,4,4,4
1479,3,4,3,4,4,3
1480,4,4,3,4,4,2
1481,4,4,4,4,5,4
1482,4,3,3,4,4,3
1483,5,5,5,5,5,5
1484,4,4,4,4,4,3
1485,2,2,2,2,2,2
1486,4,3,3,3,4,3
1487,3,2,2,4,3,2
1488,2,2,2,2,3,2
1489,4,4,4,4,5,4
1490,2,3,3,2,3,2
1491,4,4,4,5,4,4
1492,4,4,4,4,4,4
1493,3,3,2,2,2,2
1494,5,5,5,5,5,5
1495,3,4,4,3,4,3
1496,3,5,4,5,4,2
1497,2,4,4,4,2,3
1498,4,5,4,4,5,5
1499,3,4,4,4,4,4
1500,4,4,4,4,4,4
1501,3,5,5,5,5,3
1502,4,4,4,4,4,4
1503,2,3,3,5,5,2
1504,2,3,4,4,4,3
1505,4,4,2,5,5,4
1506,4,4,4,4,4,4
1507,2,3,2,3,4,2
1508,3,4,4,4,3,4
1509,4,5,5,4,4,4
1510,5,5,5,4,5,5
1511,5,5,5,5,5,5
1512,2,3,3,3,4,3
1513,5,5,5,5,5,5
1514,2,2,2,2,2,2
1515,4,5,4,4,4,4
1516,2,2,2,2,2,2
1517,3,3,3,5,4,4
1518,4,5,5,4,4,4
1519,3,2,4,3,4,4
1520,2,2,2,3,2,3
1521,3,4,4,4,4,4
1522,3,4,5,3,4,3
1523,3,3,2,5,3,3
1524,3,4,4,4,3,4
1525,4,4,4,3,4,4
1526,3,4,3,2,5,4
1527,2,4,5,4,5,5
1528,4,4,4,4,4,4
1529,2,4,2,4,3,2
1530,3,2,4,4,4,4
1531,5,4,4,3,5,5
1532,3,3,3,3,4,3
1533,4,4,3,3,4,4
1534,2,3,4,3,4,2
1535,1,3,1,4,2,1
1536,2,3,3,4,3,3
1537,2,2,2,2,3,2
1538,4,4,4,4,4,4
1539,4,4,4,4,4,3
1540,3,4,4,3,4,3
1541,5,5,5,5,5,5
1542,2,3,3,4,4,4
1543,5,5,5,5,5,5
1544,2,2,2,2,3,2
1545,3,4,3,2,3,2
1546,4,4,5,5,5,4
1547,2,4,4,4,5,3
1548,3,3,3,3,3,3
1549,2,2,2,3,4,2
1550,4,4,4,4,4,4
1551,4,4,4,4,4,3
1552,3,3,3,4,3,3
1553,4,5,4,5,5,5
1554,4,4,5,5,5,5
1555,4,5,4,4,5,4
1556,3,4,4,3,4,3
1557,3,5,4,5,4,4
1558,3,4,4,4,4,4
1559,4,4,3,4,4,4
1560,2,4,2,2,5,3
1561,3,4,4,4,4,3
1562,5,5,4,5,5,5
1563,4,4,4,4,4,4
1564,4,4,4,4,4,4
1565,4,4,4,4,4,4
1566,3,3,3,4,4,3
1567,5,5,5,5,5,5
1568,4,5,5,4,5,5
1569,4,4,4,4,4,4
1570,3,4,3,3,3,3
1571,4,4,4,4,4,4
1572,3,4,2,5,4,3
1573,4,4,4,4,4,4
1574,4,4,4,4,5,5
1575,4,4,4,4,5,4
1576,4,4,4,4,4,4
1577,1,4,4,4,5,4
1578,4,4,4,3,4,4
1579,3,3,4,4,3,3
1580,2,3,2,3,3,2
1581,2,2,2,2,2,2
1582,3,3,4,2,4,4
1583,3,3,3,3,3,3
1584,4,3,5,4,4,3
1585,3,3,3,3,3,3
1586,4,5,5,5,5,4
1587,4,4,4,4,4,4
1588,4,5,5,5,5,4
1589,3,3,3,4,4,2
1590,2,3,2,5,4,3
1591,5,5,5,5,5,5
1592,3,3,3,2,3,3
1593,4,4,4,5,4,4
1594,2,4,3,2,3,2
1595,2,4,2,4,4,2
1596,4,4,4,4,4,4
1597,3,4,3,4,4,4
1598,4,5,5,5,5,5
1599,3,3,4,4,4,4
1600,5,5,5,5,5,5
1601,4,4,4,4,4,4
1602,5,5,5,5,4,5
1603,4,4,4,4,4,4
1604,3,3,3,2,2,3
1605,5,5,5,5,5,5
1606,3,3,3,3,3,3
1607,4,4,4,4,4,4
1608,4,4,4,5,5,4
1609,2,2,2,2,2,2
1610,3,5,3,5,4,3
1611,2,2,2,4,4,2
1612,3,4,4,4,4,4
1613,4,3,2,5,5,3
1614,2,2,2,4,4,2
1615,3,4,4,5,5,3
1616,3,3,2,4,4,2
1617,4,4,4,5,5,5
1618,4,5,5,5,5,4
1619,2,4,4,4,5,4
1620,2,2,2,2,4,2
1621,4,4,4,5,4,4
1622,2,3,3,3,4,3
1623,4,4,4,4,4,4
1624,2,4,4,3,4,2
1625,4,4,3,5,4,4
1626,4,5,5,4,4,4
1627,3,3,4,4,4,3
1628,3,4,3,5,4,3
1629,1,3,1,5,2,1
1630,4,4,4,4,4,4
1631,2,3,3,3,4,3
1632,4,5,4,5,5,4
1633,3,3,3,3,3,3
1634,2,2,3,4,4,2
1635,3,3,3,3,3,3
1636,2,3,2,3,3,2
1637,4,4,4,4,4,4
1638,3,4,3,2,4,3
1639,1,1,2,2,2,1
1640,2,3,2,3,4,2
1641,4,4,4,4,4,4
1642,2,4,3,4,4,3
1643,1,3,2,3,3,3
1644,3,3,3,3,4,3
1645,1,4,2,3,3,2
1646,1,5,4,4,4,2
1647,3,4,3,4,4,3
1648,4,4,4,4,5,4
1649,3,4,3,5,5,5
1650,3,4,4,2,5,4
1651,4,4,4,5,4,4
1652,3,4,4,4,5,4
1653,2,3,2,2,4,2
1654,4,5,4,5,5,5
1655,3,3,2,4,4,3
1656,4,3,2,3,3,3
1657,2,3,3,3,3,3
1658,3,4,4,2,4,2
1659,4,4,3,4,4,4
1660,4,5,4,5,5,4
1661,2,3,3,3,3,3
1662,2,2,2,5,4,2
1663,4,4,4,5,4,4
1664,2,2,2,4,4,2
1665,4,4,4,4,5,4
1666,3,3,3,3,3,3
1667,4,4,4,3,5,3
1668,4,5,4,5,5,4
1669,3,2,3,3,2,2
1670,4,5,5,4,5,5
1671,3,3,3,3,3,3
1672,4,4,2,2,4,3
1673,4,4,4,4,5,5
1674,1,2,2,3,2,2
1675,2,4,4,4,4,4
1676,2,4,3,4,4,4
1677,1,3,3,3,2,1
1678,3,3,3,4,4,4
1679,2,3,2,3,2,2
1680,3,4,3,3,4,3
1681,3,5,3,3,4,3
1682,2,4,2,4,3,2
1683,3,4,4,5,4,4
1684,2,3,2,5,4,2
1685,4,4,3,4,4,3
1686,4,4,4,5,4,4
1687,5,5,5,4,5,5
1688,2,4,3,4,4,2
1689,1,1,2,3,3,1
1690,3,2,2,4,3,2
1691,5,5,5,5,5,4
1692,2,4,2,4,4,2
1693,2,2,2,4,3,2
1694,1,2,2,5,2,1
1695,5,5,5,4,4,4
1696,2,2,4,4,2,2
1697,4,4,3,4,4,4
1698,5,5,5,5,5,5
1699,5,5,5,5,5,5
1700,5,5,5,5,5,5
1701,4,4,4,3,4,4
1702,4,4,4,3,4,5
1703,4,4,4,4,4,4
1704,2,3,2,3,3,2
1705,3,4,3,4,4,4
1706,3,3,2,4,4,3
1707,2,4,2,4,3,2
1708,4,5,4,4,4,4
1709,4,4,4,5,4,5
1710,3,3,2,2,3,2
1711,5,4,4,5,5,5
1712,4,5,5,4,5,5
1713,2,4,3,4,4,2
1714,3,3,3,3,4,3
1715,4,4,4,4,4,4
1716,4,5,4,4,4,4
1717,2,4,3,2,4,4
1718,2,3,3,4,4,2
1719,5,5,5,5,5,5
1720,5,5,5,5,5,5
1721,4,5,5,5,4,4
1722,2,2,1,3,3,3
1723,2,3,2,2,4,3
1724,2,3,3,4,4,3
1725,2,4,3,4,4,4
1726,4,4,4,4,4,4
1727,4,4,4,4,4,4
1728,3,3,3,3,3,3
1729,2,3,2,3,4,2
1730,3,3,3,4,3,4
1731,3,4,4,4,4,4
1732,2,2,4,4,4,2
1733,2,3,2,3,3,3
1734,2,2,3,3,3,1
1735,4,4,4,2,4,3
1736,4,2,2,1,4,3
1737,3,2,2,2,4,4
1738,3,2,2,2,2,2
1739,2,2,2,2,3,3
1740,4,4,4,4,4,4
1741,2,3,4,3,3,3
1742,2,2,1,1,4,2
1743,2,3,4,3,4,4
1744,2,3,4,4,4,4
1745,4,4,4,4,4,4
1746,3,3,3,5,4,3
1747,3,3,4,2,3,2
1748,3,3,3,3,3,3
1749,3,4,4,4,4,3
1750,2,2,2,4,2,2
1751,1,2,2,3,2,3
1752,2,4,2,4,4,3
1753,2,4,4,4,3,3
1754,2,4,2,4,3,1
1755,3,5,3,5,4,3
1756,4,4,4,4,4,4
1757,2,4,4,4,4,4
1758,4,5,4,5,4,4
1759,4,4,4,4,4,4
1760,2,3,3,3,4,3
1761,4,4,3,2,5,4
1762,3,2,2,2,4,3
1763,2,3,2,3,3,1
1764,2,4,2,4,4,2
1765,4,2,4,5,4,4
1766,1,4,2,4,3,2
1767,4,4,4,2,4,4
1768,3,4,4,3,4,4
1769,2,3,3,4,4,3
1770,4,4,4,4,4,4
1771,2,3,3,2,4,3
1772,3,4,2,2,3,3
1773,4,4,4,4,4,4
1774,5,4,4,5,4,5
1775,5,5,5,5,4,5
1776,1,2,1,3,1,1
1777,2,4,2,4,3,2
1778,2,4,3,4,3,2
1779,2,3,3,3,3,3
1780,2,5,2,4,4,3
1781,5,5,5,5,5,5
1782,3,4,3,4,4,3
1783,4,4,4,5,5,4
1784,4,3,3,4,3,3
1785,4,4,4,5,5,4
1786,3,4,4,5,4,4
1787,4,4,4,4,4,3
1788,4,5,4,5,4,4
1789,3,4,4,4,4,4
1790,4,5,5,5,5,4
1791,5,5,5,4,5,5
1792,4,4,4,5,5,4
1793,2,2,2,4,4,3
1794,4,5,5,5,4,4
1795,3,3,3,4,4,3
1796,4,4,4,4,4,4
1797,3,4,3,2,3,4
1798,3,3,4,3,4,4
1799,2,4,2,4,4,2
1800,4,5,4,3,5,5
1801,2,3,3,5,5,2
1802,4,3,4,5,4,3
1803,3,3,4,4,4,4
1804,4,4,3,5,5,5
1805,4,5,5,4,4,4
1806,5,5,5,5,5,5
1807,2,2,2,3,3,2
1808,4,4,4,4,5,4
1809,4,5,4,4,5,4
1810,2,4,2,1,4,3
1811,2,3,2,2,2,2
1812,5,5,5,5,5,5
1813,3,3,4,4,4,4
1814,5,4,5,5,5,4
1815,4,4,3,4,4,4
1816,2,4,4,3,4,3
1817,3,3,3,3,3,3
1818,1,1,1,4,5,2
1819,2,2,2,4,4,3
1820,2,2,2,2,3,3
1821,4,4,4,4,4,4
1822,4,3,4,4,4,4
1823,2,2,2,2,2,2
1824,4,4,4,4,4,5
1825,2,2,2,2,2,2
1826,3,3,3,3,3,3
1827,2,2,4,4,4,4
1828,2,2,2,1,1,2
1829,4,4,4,4,4,4
1830,3,2,3,4,4,2
1831,3,4,4,4,4,3
1832,3,3,3,4,3,4
1833,4,4,4,4,3,3
1834,4,4,4,4,4,4
1835,3,3,3,4,3,3
1836,4,4,4,4,4,4
1837,3,2,3,3,3,3
1838,3,2,3,2,2,2
1839,2,3,2,4,3,2
1840,3,4,4,4,4,4
1841,4,5,4,5,4,5
1842,4,5,4,5,5,3
1843,5,5,5,5,5,5
1844,4,4,4,3,4,4
1845,5,5,5,5,3,5
1846,2,3,4,3,3,3
1847,3,5,5,3,4,3
1848,1,2,3,2,4,2
1849,2,5,2,2,4,2
1850,2,3,2,2,3,3
1851,2,3,3,3,4,2
1852,1,5,3,4,2,2
1853,3,4,4,4,4,4
1854,2,3,2,3,3,2
1855,2,2,2,4,4,2
1856,3,5,4,3,4,3
1857,4,4,4,4,4,4
1858,4,3,3,4,4,4
1859,2,3,3,2,4,2
1860,4,4,4,4,4,4
1861,4,4,4,4,5,4
1862,3,4,3,2,4,3
1863,2,2,1,1,2,2
1864,2,2,3,2,4,3
1865,3,4,4,3,4,4
1866,2,3,3,4,4,2
1867,2,2,2,2,4,4
1868,1,5,5,5,4,2
1869,2,4,4,2,4,2
1870,2,2,2,2,2,2
1871,2,2,2,2,3,2
1872,2,3,3,3,3,2
1873,2,3,3,4,4,3
1874,2,3,2,4,4,2
1875,2,2,2,4,2,1
1876,3,4,4,4,4,2
1877,2,2,2,2,2,2
1878,3,3,3,4,4,4
1879,4,5,5,5,5,5
1880,2,1,2,2,2,2
1881,4,4,4,2,4,3
1882,1,2,2,2,2,1
1883,1,2,2,1,3,2
1884,1,4,2,2,3,3
1885,1,3,3,3,4,2
1886,4,4,5,5,4,4
1887,2,2,2,4,4,2
1888,5,5,5,5,5,4
1889,4,4,4,4,5,4
1890,2,4,4,2,5,4
1891,3,3,3,4,3,3
1892,2,3,3,2,3,2
1893,2,2,3,2,3,2
1894,2,2,2,3,4,2
1895,2,2,1,1,3,2
1896,3,3,3,3,3,3
1897,2,2,2,2,4,3
1898,2,2,2,4,4,3
1899,3,2,2,2,3,3
1900,4,4,2,2,4,3
1901,2,3,3,1,4,3
1902,2,4,1,4,5,4
1903,2,4,3,2,3,3
1904,2,4,4,3,4,4
1905,3,3,3,3,3,3
1906,3,4,4,2,4,2
1907,2,4,2,1,4,2
1908,2,3,2,1,2,2
1909,4,2,2,3,4,4
1910,2,3,2,1,2,2
1911,3,3,3,2,3,3
1912,3,3,3,3,3,3
1913,3,3,3,4,5,4
1914,3,2,2,3,3,3
1915,5,5,5,5,5,5
1916,2,2,4,4,4,3
1917,4,4,4,4,4,4
1918,1,3,3,3,3,3
1919,4,4,2,2,4,3
1920,2,5,5,2,5,5
1921,4,4,4,2,5,4
1922,3,4,3,3,5,3
1923,4,4,4,3,4,4
1924,4,4,2,2,4,3
1925,2,4,3,4,3,3
1926,2,2,2,3,3,3
1927,2,3,3,5,4,3
1928,4,4,4,2,4,4
1929,2,3,2,3,4,2
1930,4,5,4,4,4,4
1931,2,3,3,4,2,3
1932,3,5,4,4,3,4
1933,2,4,4,2,4,2
1934,4,4,4,5,4,4
1935,2,4,3,2,3,3
1936,2,4,2,2,4,4
1937,4,4,4,4,4,4
1938,3,2,3,3,3,3
1939,3,4,4,4,4,4
1940,4,4,4,2,4,3
1941,2,5,4,4,2,2
1942,2,4,4,1,2,4
1943,4,4,4,4,4,4
1944,3,4,4,4,4,4
1945,3,3,2,3,3,3
1946,3,3,2,3,4,3
1947,2,3,3,3,4,3
1948,2,2,2,5,5,2
1949,3,3,3,2,3,3
1950,1,3,4,2,2,2
1951,4,4,4,2,5,4
1952,3,4,4,4,5,3
1953,2,3,4,3,4,4
1954,4,4,4,3,4,4
1955,1,2,1,1,2,1
1956,2,4,4,2,4,3
1957,2,2,2,1,2,2
1958,4,2,2,2,4,4
1959,3,4,4,4,4,4
1960,3,4,2,2,4,2
1961,2,1,4,1,3,2
1962,2,2,1,3,3,2
1963,2,3,3,3,3,3
1964,1,3,4,4,4,2
1965,2,2,3,2,4,2
1966,2,3,3,2,3,2
1967,3,4,4,4,5,3
1968,3,5,5,5,5,5
1969,2,4,2,3,5,2
1970,4,4,4,4,4,4
1971,4,4,4,3,4,4
1972,4,4,4,5,5,4
1973,2,3,3,3,2,2
1974,2,2,2,2,3,1
1975,3,2,3,4,4,4
1976,2,2,3,2,4,2
1977,3,4,4,3,3,3
1978,3,3,2,3,3,1
1979,4,4,4,4,5,4
1980,3,3,3,3,2,3
1981,3,2,3,3,3,3
1982,4,4,4,5,5,4
1983,4,4,4,5,4,4
1984,3,4,4,5,4,3
1985,2,2,3,4,3,3
1986,4,3,3,3,3,3
1987,2,4,5,5,5,2
1988,4,4,4,3,5,4
1989,2,5,3,3,4,3
1990,3,4,4,2,4,3
1991,3,3,3,3,4,4
1992,4,4,4,3,4,4
1993,2,4,2,3,4,2
1994,2,3,3,2,3,2
1995,4,4,3,2,4,4
1996,3,3,3,3,3,3
1997,4,4,5,3,5,4
1998,4,5,4,2,5,4
1999,4,4,4,4,4,4
2000,3,4,4,4,3,3
2001,1,2,1,4,3,1
2002,2,3,2,3,3,2
2003,2,4,4,3,4,4
2004,4,4,4,5,4,4
2005,3,4,4,4,4,3
2006,5,5,5,5,5,5
2007,4,4,4,2,4,4
2008,3,4,2,2,4,3
2009,4,4,4,4,5,4
2010,2,4,2,3,4,2
2011,5,5,4,5,4,5
2012,4,4,4,4,4,3
2013,5,5,5,5,5,5
2014,3,4,4,4,5,5
2015,3,3,3,3,3,3
2016,4,4,4,4,5,4
2017,4,4,4,4,5,4
2018,3,3,3,4,3,3
2019,1,2,1,1,3,3
2020,2,4,3,3,2,3
2021,3,3,3,3,3,2
2022,4,4,5,4,4,4
2023,1,2,2,2,3,2
2024,2,3,2,2,3,3
2025,4,4,4,3,4,4
2026,2,4,3,2,3,2
2027,4,5,5,4,4,4
2028,2,4,4,4,2,3
2029,3,2,3,2,4,3
2030,5,4,3,3,5,4
2031,4,3,2,2,5,3
2032,4,5,5,5,5,4
2033,2,4,4,2,4,4
2034,2,4,3,2,4,3
2035,4,5,4,4,5,4
2036,4,4,4,4,4,4
2037,2,5,3,2,2,3
2038,4,4,3,4,3,4
2039,2,5,2,2,3,4
2040,3,4,5,4,4,3
2041,2,3,3,3,3,3
2042,2,2,3,4,3,4
2043,2,5,2,3,3,2
2044,5,5,5,5,5,5
2045,4,4,4,4,4,4
2046,2,4,2,2,2,2
2047,2,3,2,1,4,2
2048,1,3,2,2,2,1
2049,1,1,1,1,1,1
2050,3,4,3,3,3,2
2051,2,2,2,2,3,2
2052,2,4,4,2,2,3
2053,4,4,3,2,4,1
2054,3,3,4,2,4,3
2055,4,3,4,3,3,3
2056,5,5,4,5,5,4
2057,5,4,3,5,5,4
2058,5,5,5,4,4,5
2059,3,3,3,3,3,3
2060,4,4,4,4,4,4
2061,3,4,4,4,5,3
2062,3,1,3,2,3,1
2063,2,2,2,2,2,2
2064,3,2,2,2,3,2
2065,3,5,5,4,4,5
2066,4,4,4,4,4,4
2067,2,4,3,4,3,2
2068,5,5,5,5,5,5
2069,3,5,4,3,4,3
2070,4,4,4,3,4,4
2071,4,5,4,2,3,4
2072,4,4,4,1,4,4
2073,5,2,5,5,5,5
2074,1,3,2,2,2,1
2075,2,2,2,2,2,2
2076,3,4,4,4,4,3
2077,4,4,4,2,4,4
2078,2,4,2,2,5,2
2079,3,4,4,2,5,4
2080,4,5,4,4,5,3
2081,3,4,2,4,4,4
2082,4,4,3,2,4,4
2083,2,4,4,2,4,2
2084,2,4,3,2,5,3
2085,2,3,2,3,3,2
2086,5,5,4,4,5,5
2087,4,4,4,5,5,5
2088,2,3,2,2,2,2
2089,2,3,2,3,3,1
2090,2,2,3,2,4,3
2091,2,2,2,2,2,2
2092,4,5,4,4,5,4
2093,2,2,2,1,2,2
2094,4,4,4,2,4,4
2095,4,4,4,3,5,4
2096,3,4,3,4,4,4
2097,4,4,4,4,4,4
2098,3,4,4,2,4,4
2099,2,2,2,2,4,2
2100,2,3,3,4,3,2
2101,4,5,4,4,4,4
2102,4,5,4,4,4,4
2103,4,4,4,4,4,4
2104,4,5,5,5,5,5
2105,2,5,5,3,4,5
2106,2,5,2,2,4,2
2107,4,4,4,4,4,4
2108,3,3,4,3,4,3
2109,2,3,2,3,4,2
2110,3,4,4,2,4,4
2111,2,4,3,4,4,4
2112,4,4,4,4,5,4
2113,4,4,4,4,4,4
2114,4,4,4,3,4,3
2115,4,4,4,5,5,5
2116,2,3,2,1,1,1
2117,4,4,4,4,4,4
2118,2,4,4,2,4,3
2119,3,4,4,1,4,3
2120,2,3,3,2,2,2
2121,3,4,4,2,4,3
2122,2,4,2,2,4,3
2123,4,5,5,3,5,4
2124,2,2,3,2,3,3
2125,2,4,4,3,4,4
2126,3,3,3,2,2,2
2127,5,3,2,1,5,4
2128,2,3,2,2,3,2
2129,4,4,4,1,1,4
2130,4,3,3,4,4,4
2131,2,2,5,2,2,3
2132,3,4,5,4,4,4
2133,2,2,2,3,3,3
2134,2,4,2,2,3,2
2135,3,2,3,3,4,3
2136,3,4,4,2,4,4
2137,3,3,3,3,4,3
2138,4,4,4,4,4,4
2139,3,4,4,4,4,3
2140,4,4,4,5,5,4
2141,3,3,3,4,3,3
2142,2,3,2,2,2,2
2143,3,3,3,4,4,4
2144,3,3,3,4,4,3
2145,4,5,4,4,4,4
2146,3,2,2,3,3,3
2147,2,3,2,2,2,2
2148,3,3,5,3,3,3
2149,4,4,4,3,5,4
2150,3,3,2,3,3,3
2151,5,5,4,4,5,4
2152,3,4,4,3,4,4
2153,2,4,4,2,3,3
2154,4,4,3,4,5,4
2155,4,4,4,4,4,4
2156,4,4,4,4,4,4
2157,5,5,5,5,5,5
2158,5,5,5,5,5,5
2159,4,4,4,4,4,4
2160,3,2,2,2,2,2
2161,4,4,4,5,4,4
2162,4,4,5,4,3,3
2163,5,5,5,5,5,5
2164,3,4,4,3,4,4
2165,3,3,3,3,4,3
2166,2,4,3,2,3,2
2167,1,1,1,1,1,1
2168,3,4,4,4,4,3
2169,2,4,2,3,4,2
2170,2,4,5,2,5,4
2171,2,4,4,3,4,4
2172,4,4,4,4,5,4
2173,4,4,4,3,4,4
2174,4,4,4,3,4,4
2175,3,3,4,4,3,3
2176,5,5,5,5,5,5
2177,2,4,4,4,4,3
2178,3,3,3,3,3,3
2179,4,4,4,4,4,4
2180,2,3,4,2,4,3
2181,2,2,2,2,3,2
2182,4,5,5,4,4,5
2183,3,3,2,2,2,2
2184,4,4,4,4,4,4
2185,5,5,5,5,5,5
2186,2,3,3,2,4,3
2187,3,3,3,3,3,3
2188,3,4,3,4,4,4
2189,2,4,2,3,2,2
2190,4,5,5,5,5,5
2191,3,3,3,2,4,3
2192,4,4,4,4,4,4
2193,2,3,2,3,3,2
2194,4,4,4,4,3,3
2195,3,3,2,2,2,2
2196,3,3,3,3,3,3
2197,4,4,4,4,4,4
2198,3,2,2,2,3,2
2199,4,4,4,4,4,4
2200,4,2,3,3,4,3
2201,2,2,2,2,4,4
2202,5,5,5,5,5,5
2203,4,4,4,4,4,4
2204,5,5,5,4,4,4
2205,4,4,3,3,5,3
2206,4,5,5,5,5,5
2207,3,4,3,4,4,3
2208,2,1,2,2,2,2
2209,3,5,4,5,5,4
2210,2,3,3,2,3,3
2211,2,3,4,2,4,2
2212,3,3,3,4,4,3
2213,5,5,5,4,4,5
2214,4,4,4,4,4,4
2215,2,3,4,3,3,3
2216,2,3,2,3,3,2
2217,3,4,4,4,4,4
2218,2,2,3,3,3,2
2219,2,3,4,4,3,3
2220,2,4,2,4,4,2
2221,4,4,3,3,4,4
2222,1,1,3,1,1,1
2223,2,4,4,5,4,4
2224,4,3,2,2,4,3
2225,2,4,2,1,4,2
2226,5,5,5,5,5,5
2227,4,4,4,4,4,4
2228,4,4,4,4,4,4
2229,2,4,4,2,4,3
2230,5,5,4,4,5,5
2231,5,5,5,5,5,5
2232,3,4,3,3,4,3
2233,4,4,4,4,4,4
2234,3,3,3,3,3,3
2235,3,4,3,3,3,2
2236,3,4,2,2,4,3
2237,4,2,2,1,5,3
2238,4,4,5,2,5,4
2239,4,5,4,3,4,4
2240,4,5,4,5,5,4
2241,3,4,2,4,5,3
2242,4,4,4,4,4,4
2243,4,4,4,4,4,4
2244,1,4,3,5,2,1
2245,2,4,4,4,4,4
2246,4,4,4,4,5,4
2247,4,4,4,4,4,5
2248,4,4,3,4,4,3
2249,4,4,4,4,4,4
2250,2,4,2,4,4,3
2251,5,5,4,5,5,4
2252,2,4,4,5,5,2
2253,1,2,1,3,4,2
2254,2,2,2,1,1,1
2255,4,5,4,4,4,4
2256,4,4,4,4,4,4
2257,2,3,2,3,4,3
2258,3,4,4,4,3,3
2259,3,2,3,4,4,3
2260,4,4,4,5,4,4
2261,3,2,3,4,4,3
2262,4,4,4,4,4,4
2263,3,3,3,3,3,3
2264,5,5,5,5,5,5
2265,3,4,2,3,4,3
2266,2,2,3,3,2,3
2267,3,4,4,4,4,4
2268,4,5,5,5,5,5
2269,5,5,5,5,5,5
2270,2,4,4,4,3,2
2271,4,3,2,4,4,3
2272,2,3,3,4,3,2
2273,4,4,4,5,4,4
2274,3,4,4,4,3,3
2275,3,3,3,3,4,2
2276,2,3,5,4,4,3
2277,5,5,5,5,5,5
2278,2,3,3,3,3,3
2279,3,5,5,4,4,3
2280,4,5,4,5,5,4
2281,4,4,4,5,5,4
2282,4,5,4,4,4,4
2283,5,4,4,4,4,5
2284,2,4,4,4,3,3
2285,3,4,2,3,2,2
2286,4,5,4,5,5,5
2287,3,3,3,3,3,3
2288,5,5,5,5,5,3
2289,4,4,4,4,4,4
2290,4,5,4,5,4,4
2291,2,3,2,4,3,2
2292,5,5,5,5,5,5
2293,4,4,4,4,4,4
2294,3,4,3,3,3,4
2295,3,5,5,4,3,4
2296,4,4,4,5,3,3
2297,4,4,2,2,4,3
2298,3,4,4,4,4,4
2299,3,3,3,4,3,3
2300,2,3,3,4,4,2
2301,4,3,4,5,4,4
2302,2,2,2,2,4,2
2303,3,2,2,3,2,2
2304,1,1,2,2,3,2
2305,4,5,5,5,4,5
2306,5,5,5,5,5,5
2307,3,4,3,5,4,3
2308,3,3,3,5,4,3
2309,4,4,3,4,4,3
2310,2,4,3,3,4,3
2311,2,3,2,3,2,2
2312,3,4,3,4,5,4
2313,5,5,5,3,5,5
2314,2,2,2,2,4,2
2315,3,3,3,3,3,2
2316,4,4,4,5,5,4
2317,3,3,3,4,2,2
2318,4,4,4,4,4,4
2319,2,2,3,3,2,2
2320,3,5,3,5,4,3
2321,4,5,4,5,4,4
2322,2,4,4,4,4,4
2323,4,4,3,4,4,4
2324,4,3,4,4,4,3
2325,3,4,3,4,4,4
2326,5,5,5,5,5,5
2327,3,4,4,5,4,4
2328,5,5,5,5,5,5
2329,4,5,4,5,4,4
2330,4,5,5,5,5,5
2331,4,4,3,3,5,4
2332,4,4,4,5,4,4
2333,4,4,2,3,4,4
2334,4,4,4,4,4,4
2335,4,5,5,4,4,4
2336,2,3,2,4,4,2
2337,1,3,4,2,4,2
2338,4,5,5,5,5,5
2339,4,3,4,2,4,4
2340,3,5,5,5,5,4
2341,3,4,4,5,4,4
2342,2,3,4,2,3,2
2343,4,5,5,5,5,5
2344,4,3,2,4,4,2
2345,4,4,5,5,5,5
2346,2,2,4,1,4,2
2347,2,4,3,5,4,3
2348,4,4,4,4,5,4
2349,4,3,3,4,3,4
2350,2,2,2,1,2,2
2351,5,5,5,5,5,4
2352,4,4,3,2,4,4
2353,4,4,4,5,4,4
2354,2,4,2,4,4,2
2355,4,5,5,5,5,4
2356,1,2,2,4,1,1
2357,2,3,3,3,4,3
2358,2,2,3,2,3,2
2359,2,2,2,2,2,2
2360,2,2,4,2,4,2
2361,4,4,4,4,4,4
2362,2,3,3,2,3,2
2363,5,5,4,3,5,5
2364,1,2,1,1,2,1
2365,3,3,3,4,4,3
2366,2,2,2,2,3,2
2367,3,3,4,3,3,3
2368,2,2,2,2,2,2
2369,2,3,2,2,3,1
2370,2,3,3,2,3,2
2371,5,4,5,4,5,5
2372,4,4,4,4,4,4
2373,2,2,3,5,4,3
2374,4,5,5,4,5,4
2375,2,3,3,3,4,3
2376,2,3,2,2,2,2
2377,2,3,2,3,2,2
2378,2,3,2,2,2,2
2379,3,3,3,4,3,3
2380,2,2,2,3,3,2
2381,4,4,3,2,3,2
2382,2,3,3,4,4,2
2383,3,3,3,3,3,3
2384,4,4,4,3,4,4
2385,3,2,3,2,3,3
2386,5,5,5,4,4,5
2387,4,4,3,4,4,4
2388,4,5,5,5,5,5
2389,3,5,5,5,5,4
2390,2,2,2,3,2,2
2391,4,4,5,5,5,4
2392,4,4,4,4,4,4
2393,5,5,5,5,5,5
2394,2,3,3,3,4,2
2395,2,2,2,2,2,2
2396,4,4,4,4,4,4
2397,2,4,2,2,4,2
2398,4,4,4,4,4,4
2399,2,5,3,2,4,3
2400,2,3,2,2,4,2
2401,4,4,4,5,5,4
2402,1,1,1,1,1,1
2403,3,3,3,2,2,2
2404,4,4,4,5,5,5
2405,4,4,4,4,4,4
2406,5,5,5,5,5,5
2407,3,4,4,4,4,4
2408,2,3,2,2,3,2
2409,4,4,4,2,4,3
2410,4,5,5,5,4,5
2411,1,2,1,5,4,2
2412,2,3,2,3,4,2
2413,2,3,2,2,4,2
2414,4,4,2,4,5,5
2415,3,4,3,2,4,4
2416,2,2,2,4,3,3
2417,3,4,3,4,4,4
2418,3,4,4,4,5,4
2419,5,5,4,5,4,4
2420,3,4,4,4,5,4
2421,3,4,4,4,4,4
2422,1,3,1,2,2,2
2423,1,4,2,4,4,2
2424,3,4,4,2,4,3
2425,2,2,1,3,4,1
2426,4,4,4,3,4,3
2427,4,5,4,4,5,4
2428,2,3,3,4,3,2
2429,3,4,2,3,4,3
2430,2,2,2,2,4,2
2431,2,2,2,2,2,2
2432,2,3,3,1,2,2
2433,4,4,4,4,4,4
2434,4,4,3,4,4,3
2435,3,3,3,3,4,4
2436,4,4,4,4,5,3
2437,3,3,2,4,3,2
2438,3,3,4,4,4,4
2439,1,3,1,2,3,1
2440,2,3,4,4,4,4
2441,2,3,3,2,4,4
2442,3,1,4,1,2,3
2443,3,4,4,4,4,4
2444,4,2,4,4,4,4
2445,4,3,3,2,4,2
2446,2,2,2,2,3,2
2447,1,1,1,1,1,1
2448,2,2,3,4,4,3
2449,3,3,3,3,4,4
2450,4,4,4,5,4,4
2451,3,4,4,2,3,4
2452,4,3,3,3,4,3
2453,3,4,2,3,4,2
2454,3,3,2,3,4,3
2455,3,3,3,4,3,3
2456,3,4,4,4,3,3
2457,2,2,5,3,3,3
2458,3,3,3,4,4,3
2459,5,5,5,5,5,5
2460,3,4,3,4,4,4
2461,1,2,1,1,1,1
2462,3,4,4,3,4,4
2463,2,2,2,4,4,2
2464,3,4,4,4,4,4
2465,4,4,4,4,4,4
2466,3,3,3,4,4,3
2467,4,5,4,4,5,4
2468,4,4,4,3,4,4
2469,1,1,1,3,3,1
2470,3,4,4,4,4,4
2471,2,3,4,4,4,3
2472,2,2,2,3,4,3
2473,3,3,4,4,4,4
2474,3,4,3,4,4,3
2475,4,5,4,4,5,4
2476,2,4,4,4,3,2
2477,3,4,4,5,3,3
2478,3,3,3,5,3,3
2479,3,3,3,3,4,3
2480,3,4,4,4,4,3
2481,2,4,3,2,4,4
2482,3,3,3,4,4,3
2483,2,2,2,3,4,3
2484,1,2,2,2,3,2
2485,3,3,1,4,3,1
2486,3,4,4,5,4,2
2487,3,4,3,4,3,4
2488,2,3,2,5,3,2
2489,1,2,2,2,2,1
2490,2,2,2,4,4,2
2491,3,4,3,4,4,4
2492,3,3,3,3,4,3
2493,4,4,4,5,5,4
2494,3,5,4,4,4,4
2495,3,4,2,4,5,2
2496,1,1,1,1,2,1
2497,2,2,2,2,3,2
2498,4,4,2,4,4,4
2499,4,4,4,4,5,4
2500,1,2,2,5,4,2
2501,4,4,2,5,4,3
2502,2,2,1,4,2,1
2503,4,4,3,4,4,4
2504,2,2,2,4,3,2
2505,4,5,4,5,4,2
2506,2,2,2,5,4,2
2507,2,3,3,4,4,2
2508,2,4,3,4,2,2
2509,3,3,3,4,5,4
2510,3,4,4,5,4,4
2511,1,1,5,5,4,2
2512,3,3,3,3,3,3
2513,2,2,2,4,4,1
2514,3,2,3,5,4,4
2515,2,2,2,3,3,2
2516,5,5,5,5,5,4
2517,2,2,2,5,5,2
2518,1,1,1,2,3,1
2519,3,4,3,5,3,3
2520,3,3,4,4,4,3
2521,2,5,2,5,3,2
2522,2,4,3,2,3,2
2523,4,4,4,4,4,4
2524,2,4,4,4,4,2
2525,4,4,4,4,4,4
2526,4,4,4,4,4,4
2527,1,1,1,1,1,1
2528,4,4,4,2,4,4
2529,4,4,4,2,5,4
2530,2,4,4,4,4,3
2531,4,5,4,3,4,4
2532,2,4,3,4,4,2
2533,2,5,4,4,4,2
2534,3,4,3,4,4,3
2535,4,4,4,3,4,4
2536,1,1,1,1,1,1
2537,2,4,2,4,3,3
2538,2,2,2,2,2,2
2539,4,4,4,4,5,4
2540,2,1,2,2,2,2
2541,3,4,3,4,4,3
2542,1,2,2,3,2,2
2543,2,2,3,4,4,2
2544,5,5,5,5,5,5
2545,4,5,4,5,3,4
2546,2,3,4,4,2,3
2547,2,2,1,1,2,1
2548,4,5,4,4,5,4
2549,2,3,3,3,3,3
2550,4,3,3,2,5,4
2551,4,2,4,5,4,4
2552,2,2,1,1,4,1
2553,4,4,4,4,4,4
2554,2,2,1,2,3,2
2555,1,1,1,1,1,1
2556,3,4,2,3,4,3
2557,4,4,4,4,4,4
2558,3,4,4,3,5,3
2559,4,4,4,4,4,3
2560,2,2,2,2,3,3
2561,3,4,3,3,4,3
2562,3,3,4,3,4,4
2563,2,4,3,2,3,2
2564,2,2,2,3,4,2
2565,1,3,2,2,3,1
2566,2,3,1,3,2,2
2567,2,2,2,2,2,2
2568,3,3,3,3,2,2
2569,2,4,4,4,4,3
2570,2,3,3,2,3,2
2571,2,2,4,3,4,2
2572,2,3,2,2,3,2
2573,2,3,3,3,4,3
2574,2,3,3,2,3,3
2575,1,3,1,3,2,2
2576,2,4,3,4,4,2
2577,4,3,3,3,3,3
2578,3,3,2,2,2,2
2579,4,4,4,4,4,4
2580,4,4,3,2,3,3
2581,4,3,3,4,4,3
2582,2,1,2,2,3,1
2583,4,4,4,3,3,3
2584,2,4,4,3,2,2
2585,3,3,2,3,3,3
2586,2,5,4,4,4,3
2587,1,1,1,1,2,1
2588,4,3,4,4,4,4
2589,2,4,4,4,1,3
2590,2,2,2,3,3,2
2591,4,5,5,5,4,4
2592,4,5,3,5,4,4
2593,4,5,5,4,5,5
2594,4,4,4,4,4,4
2595,2,4,4,4,4,2
2596,1,1,2,2,2,2
2597,4,2,2,5,4,2
2598,2,2,2,3,2,2
2599,3,3,4,4,3,3
2600,2,3,2,3,3,2
2601,4,5,5,4,5,2
2602,4,4,2,4,4,3
2603,3,2,2,3,3,2
2604,1,3,3,2,3,3
2605,2,3,3,2,3,2
2606,1,2,3,3,3,1
2607,2,2,3,2,4,2
2608,4,4,4,4,3,3
2609,3,3,3,3,3,3
2610,3,3,3,3,4,3
2611,3,4,3,5,5,5
2612,4,4,4,4,4,4
2613,2,4,2,3,2,2
2614,3,5,5,5,4,4
2615,4,4,4,4,4,4
2616,2,3,2,3,3,3
2617,4,4,4,4,4,4
2618,3,4,3,3,4,3
2619,4,4,4,3,3,2
2620,3,2,3,3,3,3
2621,4,4,4,4,5,4
2622,2,4,3,2,3,3
2623,2,3,3,2,2,3
2624,2,4,3,2,4,3
2625,2,2,2,1,1,2
2626,3,3,3,3,3,3
2627,3,2,2,3,3,2
2628,4,4,4,4,4,3
2629,4,4,4,4,4,4
2630,4,4,3,4,3,3
2631,4,4,5,4,4,4
2632,4,3,4,2,3,3
2633,4,4,4,4,3,3
2634,3,3,3,3,4,4
2635,4,4,2,3,4,3
2636,5,3,3,3,4,2
2637,4,3,3,3,3,3
2638,3,4,4,4,4,3
2639,2,2,2,5,2,2
2640,3,4,3,4,3,3
2641,4,3,3,3,3,3
2642,3,4,4,4,4,3
2643,4,4,3,4,4,4
2644,3,3,3,4,3,3
2645,4,4,4,4,4,4
2646,4,4,4,5,4,4
2647,3,4,3,4,4,3
2648,4,5,4,4,4,4
2649,4,4,4,3,3,3
2650,2,2,5,3,4,4
2651,2,3,5,3,5,4
2652,4,5,4,4,5,4
2653,4,4,4,4,4,4
2654,4,3,4,2,4,4
2655,2,2,2,2,2,2
2656,2,4,2,5,4,2
2657,4,3,4,3,4,3
2658,2,2,2,2,3,2
2659,4,4,2,3,4,3
2660,4,4,4,4,4,4
2661,3,3,3,3,3,3
2662,2,2,2,2,3,3
2663,3,4,4,3,4,4
2664,1,3,2,3,3,1
2665,2,2,2,4,4,3
2666,3,4,2,4,3,2
2667,4,4,4,4,4,4
2668,1,1,1,2,2,1
2669,1,2,1,3,3,2
2670,3,3,3,3,3,3
2671,3,4,4,3,4,3
2672,2,2,2,3,3,1
2673,4,4,4,4,4,4
2674,1,3,1,1,2,1
2675,2,3,2,3,3,3
2676,3,4,4,4,4,3
2677,2,4,4,4,4,2
2678,3,2,4,4,3,4
2679,2,3,4,1,1,3
2680,2,4,2,2,4,2
2681,3,4,4,4,3,3
2682,3,4,4,3,4,3
2683,3,4,4,4,4,3
2684,3,4,3,2,3,3
2685,2,3,4,2,4,3
2686,3,2,2,3,2,2
2687,1,4,1,2,2,2
2688,4,4,4,4,4,4
2689,4,4,4,3,2,3
2690,4,4,4,4,4,3
2691,1,3,2,2,2,1
2692,2,2,3,3,4,2
2693,1,3,2,3,2,3
2694,4,4,4,4,4,4
2695,3,4,4,3,3,3
2696,4,5,4,5,5,5
2697,4,3,3,3,4,3
2698,2,3,2,2,3,3
2699,2,3,2,3,3,2
2700,4,4,4,4,4,4
2701,2,3,2,2,2,1
2702,2,3,3,3,3,3
2703,4,4,4,4,5,4
2704,5,5,5,5,5,5
2705,3,4,4,2,5,3
2706,2,3,2,2,2,2
2707,4,5,4,4,4,4
2708,3,4,2,3,4,3
2709,3,3,3,3,3,3
2710,2,4,3,4,4,3
2711,1,1,1,1,2,1
2712,3,4,4,4,4,4
2713,2,3,3,2,2,2
2714,2,3,2,3,4,3
2715,2,2,2,2,4,3
2716,2,2,2,1,4,3
2717,2,2,3,2,4,2
2718,2,2,2,2,4,2
2719,2,2,2,2,2,1
2720,5,5,5,5,5,5
2721,3,3,3,3,3,3
2722,4,4,4,5,5,4
2723,3,4,4,4,4,4
2724,4,4,4,4,4,4
2725,3,4,4,4,4,4
2726,1,3,1,1,2,2
2727,2,4,4,2,4,3
2728,4,5,4,4,4,4
2729,3,4,4,3,4,4
2730,3,2,2,5,4,2
2731,3,3,4,3,1,3
2732,5,5,5,5,5,5
2733,2,1,1,2,2,1
2734,4,4,2,4,4,2
2735,2,2,1,2,3,1
2736,4,2,2,5,4,2
2737,5,5,5,5,5,5
2738,2,2,2,3,3,2
2739,3,3,2,4,4,4
2740,2,4,3,3,4,4
2741,2,2,2,2,2,2
2742,2,4,1,3,3,1
2743,3,5,4,5,4,3
2744,3,3,4,3,4,3
2745,2,4,4,4,4,4
2746,2,4,4,4,4,3
2747,2,4,4,3,3,2
2748,2,3,3,3,3,3
2749,3,4,4,2,4,3
2750,4,4,4,4,4,4
2751,3,3,3,3,3,3
2752,3,3,3,4,4,3
2753,4,4,4,2,2,4
2754,5,5,4,4,4,4
2755,4,3,4,5,4,4
2756,2,2,2,2,2,3
2757,2,2,2,3,2,3
2758,3,3,3,4,5,3
2759,4,4,4,4,4,4
2760,4,5,4,4,5,4
2761,3,4,4,4,4,3
2762,5,5,5,5,5,5
2763,4,4,4,4,4,4
2764,4,5,4,5,5,5
2765,2,4,4,2,2,2
2766,4,5,5,5,5,5
2767,3,4,4,4,4,4
2768,4,2,2,2,4,2
2769,5,4,4,4,4,4
2770,4,4,3,2,4,4
2771,3,4,4,2,4,3
2772,2,2,2,2,2,1
2773,1,4,4,2,2,2
2774,3,4,4,2,4,4
2775,2,4,5,4,4,2
2776,2,4,4,4,4,4
2777,2,3,3,2,3,3
2778,3,3,3,3,4,4
2779,2,1,2,1,2,1
2780,2,3,2,1,3,2
2781,2,2,2,2,2,2
2782,2,3,3,3,3,2
2783,4,3,3,3,4,3
2784,2,2,2,2,2,2
2785,4,3,2,2,2,2
2786,3,4,4,2,4,4
2787,3,4,3,4,3,3
2788,3,5,4,4,4,3
2789,3,4,3,3,3,3
2790,2,3,2,4,4,4
2791,2,2,2,4,3,2
2792,4,4,4,4,4,3
2793,2,4,4,4,4,3
2794,1,1,1,1,2,1
2795,4,4,3,3,4,4
2796,4,4,4,4,4,4
2797,4,4,4,4,4,3
2798,2,4,4,5,4,4
2799,2,2,2,4,4,2
2800,3,5,4,4,4,3
2801,3,3,3,3,3,3
2802,1,3,2,2,3,2
2803,4,4,3,3,3,3
2804,4,4,4,4,5,4
2805,2,2,2,2,3,2
2806,3,4,3,4,5,4
2807,2,4,4,4,3,2
2808,4,5,4,4,4,3
2809,2,2,1,3,3,1
2810,4,5,4,5,4,4
2811,2,3,2,3,3,2
2812,1,2,1,4,2,1
2813,2,3,2,2,3,2
2814,3,3,3,3,3,3
2815,3,4,3,4,3,3
2816,3,3,3,5,5,4
2817,2,4,4,4,4,2
2818,5,4,5,4,5,4
2819,3,3,3,4,4,3
2820,4,4,4,3,4,4
2821,2,4,3,4,3,3
2822,3,3,3,4,4,4
2823,2,2,4,3,4,4
2824,4,5,5,5,5,4
2825,4,4,4,4,4,4
2826,2,3,3,2,3,2
2827,2,4,3,2,4,3
2828,3,4,4,4,4,4
2829,2,3,4,4,3,3
2830,1,2,2,2,2,1
2831,4,2,4,4,3,3
2832,3,4,4,4,4,4
2833,4,5,4,4,5,4
2834,4,4,3,3,4,4
2835,2,4,4,4,4,4
2836,2,3,3,4,4,2
2837,3,3,3,3,4,3
2838,4,5,5,5,4,5
2839,3,3,3,4,4,3
2840,2,3,3,3,3,3
2841,2,2,2,2,4,2
2842,4,4,4,4,4,4
2843,3,3,4,4,4,4
2844,4,4,4,4,4,4
2845,3,3,4,3,4,4
2846,3,4,3,4,4,4
2847,3,5,4,5,3,4
2848,2,2,2,5,5,2
2849,3,2,2,4,3,2
2850,4,4,4,5,4,4
2851,5,5,5,5,5,5
2852,4,5,4,5,5,4
2853,4,2,4,4,5,3
2854,4,5,5,4,4,5
2855,3,4,4,4,4,4
2856,3,3,3,5,4,3
2857,4,4,4,4,4,4
2858,4,4,4,5,5,5
2859,4,4,3,4,4,4
2860,2,3,3,3,2,2
2861,3,2,3,4,3,2
2862,2,2,3,2,2,2
2863,3,4,4,4,4,3
2864,3,4,3,5,3,3
2865,2,4,4,5,3,2
2866,4,5,5,4,5,5
2867,2,2,2,4,3,2
2868,2,4,4,5,4,4
2869,4,5,4,4,4,4
2870,3,3,2,2,5,3
2871,2,2,2,2,2,1
2872,4,3,4,3,4,3
2873,3,4,4,4,4,4
2874,2,4,2,3,2,2
2875,3,4,4,4,4,4
2876,5,5,5,5,5,5
2877,3,3,3,3,3,3
2878,4,4,4,4,4,4
2879,2,3,2,3,3,2
2880,4,5,2,4,5,2
2881,3,4,4,4,4,4
2882,2,2,2,3,2,2
2883,4,4,4,4,4,4
2884,2,2,2,2,4,2
2885,3,5,5,4,4,4
2886,4,4,2,2,4,4
2887,3,3,3,3,2,3
2888,3,4,4,4,4,4
2889,5,4,4,5,5,5
2890,4,4,3,4,4,3
2891,4,2,3,4,5,2
2892,4,4,4,4,4,4
2893,4,4,4,4,4,4
2894,2,3,2,3,2,1
2895,5,5,5,5,5,3
2896,4,4,4,4,4,4
2897,4,4,3,5,4,4
2898,4,5,4,5,5,4
2899,2,4,3,4,5,4
2900,4,4,4,5,4,4
2901,2,4,3,5,3,3
2902,4,5,4,5,4,4
2903,2,4,4,4,4,3
2904,5,4,4,4,4,4
2905,5,5,5,5,5,5
2906,3,4,3,2,4,2
2907,2,2,2,1,2,2
2908,2,2,2,3,3,2
2909,2,2,2,4,2,2
2910,2,3,2,2,3,2
2911,5,5,5,5,5,5
2912,2,3,3,2,3,2
2913,4,4,4,4,4,4
2914,4,5,4,5,5,4
2915,3,4,3,3,3,3
2916,3,4,4,2,4,3
2917,5,5,5,3,5,4
2918,4,4,5,3,4,4
2919,1,3,2,3,3,3
2920,1,1,1,1,2,1
2921,4,4,4,4,4,4
2922,3,3,3,5,4,3
2923,4,4,3,3,5,4
2924,2,3,3,3,3,2
2925,1,3,2,1,2,2
2926,2,2,2,3,3,3
2927,1,2,1,2,2,2
2928,4,5,4,4,4,4
2929,2,2,2,2,3,2
2930,3,4,4,4,3,4
2931,2,5,5,5,3,3
2932,3,4,4,4,3,4
2933,1,4,2,2,2,1
2934,4,4,4,4,4,4
2935,4,4,3,3,3,3
2936,1,4,1,4,5,2
2937,2,4,4,4,4,3
2938,2,3,2,3,4,2
2939,2,2,3,3,2,2
2940,4,4,4,5,4,4
2941,3,4,2,5,4,3
2942,1,2,1,2,3,1
2943,4,4,2,4,5,4
2944,3,4,4,3,4,3
2945,3,3,4,4,5,2
2946,4,4,4,5,5,5
2947,3,3,3,3,4,4
2948,4,4,4,4,4,4
2949,2,3,2,3,4,3
2950,1,1,3,4,4,4
2951,2,2,2,2,2,2
2952,1,5,1,2,1,1
2953,2,2,2,2,2,2
2954,3,3,3,2,4,3
2955,2,2,1,4,4,2
2956,4,4,4,5,4,5
2957,5,5,5,5,5,5
2958,4,3,3,2,4,3
2959,2,2,2,4,5,2
2960,2,4,4,4,4,2
2961,4,4,4,4,4,4
2962,2,2,3,3,3,2
2963,3,3,3,3,3,3
2964,4,4,4,5,4,4
2965,3,3,3,5,3,3
2966,3,5,5,5,4,4
2967,3,5,4,4,4,3
2968,3,3,3,4,3,3
2969,4,4,3,2,4,3
2970,5,5,5,5,5,4
2971,3,4,3,4,4,3
2972,2,5,2,4,4,4
2973,4,4,5,5,5,5
2974,2,3,3,3,4,3
2975,1,2,2,2,2,1
2976,3,3,3,3,4,3
2977,2,3,2,3,3,2
2978,1,1,2,2,2,1
2979,2,2,3,2,4,3
2980,4,4,3,4,5,4
2981,3,4,3,4,4,4
2982,4,2,2,4,4,4
2983,3,3,3,3,3,3
2984,2,2,3,3,3,3
2985,3,4,4,4,4,3
2986,2,2,2,2,3,2
2987,2,5,5,5,5,3
2988,4,4,5,5,5,4
2989,2,2,3,3,4,2
2990,2,4,3,4,3,3
2991,4,4,3,4,4,4
2992,2,3,2,3,4,3
2993,3,4,4,4,4,3
2994,4,4,4,4,4,2
2995,2,4,4,4,4,4
2996,2,4,4,3,5,4
2997,2,2,2,2,2,2
2998,2,2,2,2,3,3
2999,1,3,2,2,4,2
3000,1,2,2,2,2,1
3001,4,4,4,4,5,4
3002,2,3,3,3,4,2
3003,2,3,3,3,3,3
3004,3,4,4,4,4,3
3005,4,5,4,5,4,4
3006,2,2,3,3,4,2
3007,2,3,2,2,3,2
3008,3,4,3,3,3,3
3009,3,4,4,4,4,4
3010,3,2,3,3,4,4
3011,1,3,2,3,4,2
3012,3,5,4,5,4,4
3013,3,4,4,4,4,4
3014,2,2,2,2,4,2
3015,2,3,3,4,4,2
3016,2,2,2,2,2,2
3017,2,3,3,4,4,2
3018,2,3,4,4,2,2
3019,1,3,2,2,2,1
3020,2,4,3,4,4,3
3021,1,2,2,3,3,1
3022,2,5,2,4,4,2
3023,5,5,5,5,4,4
3024,2,4,4,5,4,5
3025,4,2,2,4,4,4
3026,2,5,4,5,2,2
3027,3,3,2,4,4,3
3028,2,2,2,2,3,2
3029,4,4,4,4,4,4
3030,2,4,4,3,4,4
3031,4,3,3,2,4,3
3032,4,4,4,4,4,3
3033,3,5,4,4,5,2
3034,4,3,3,4,3,4
3035,2,3,2,2,2,2
3036,3,4,3,5,4,4
3037,4,4,4,4,4,4
3038,1,4,2,4,4,2
3039,2,3,2,4,3,3
3040,3,4,3,4,3,3
3041,1,1,2,2,2,1
3042,5,5,5,5,5,4
3043,4,4,4,5,5,4
3044,3,4,4,4,4,4
3045,1,2,1,2,4,3
3046,3,4,3,3,4,2
3047,3,3,3,2,3,2
3048,2,5,4,5,4,2
3049,2,3,3,3,4,3
3050,3,3,3,4,3,3
3051,2,2,2,3,2,2
3052,2,3,3,3,3,2
3053,4,4,3,3,4,3
3054,4,5,4,4,5,4
3055,1,1,1,2,3,1
3056,2,2,2,1,2,2
3057,2,4,3,3,3,2
3058,1,4,4,2,2,2
3059,3,4,4,4,4,3
3060,2,3,4,4,3,2
3061,4,4,4,4,4,4
3062,2,2,2,3,1,1
3063,5,5,5,5,5,5
3064,2,3,2,2,3,2
3065,1,4,2,4,4,4
3066,3,4,4,4,4,3
3067,4,4,4,4,4,4
3068,1,2,3,2,3,2
3069,4,5,5,5,5,5
3070,5,5,5,5,5,5
3071,2,4,4,3,4,3
3072,2,2,2,4,2,3
3073,2,3,4,4,4,2
3074,1,1,1,1,2,1
3075,1,3,3,1,3,1
3076,2,3,2,3,2,3
3077,1,2,1,2,2,1
3078,2,4,3,1,3,2
3079,1,1,2,2,2,1
3080,1,3,2,5,4,1
3081,1,2,1,2,2,1
3082,4,4,2,5,3,2
3083,1,2,2,1,4,2
3084,4,5,5,5,5,5
3085,1,3,2,2,2,2
3086,2,3,3,3,4,3
3087,4,4,4,4,4,3
3088,2,3,3,3,5,4
3089,1,3,3,1,2,1
3090,2,4,5,4,5,4
3091,2,2,3,1,4,2
3092,1,3,3,3,3,2
3093,4,5,4,5,5,4
3094,3,4,3,4,3,3
3095,3,3,4,2,4,2
3096,2,2,2,4,4,2
3097,1,4,2,2,4,2
3098,3,4,4,4,4,3
3099,2,4,4,4,4,3
3100,2,3,3,4,4,3
3101,2,2,2,2,1,1
3102,3,4,4,5,4,3
3103,1,3,2,4,2,2
3104,4,4,4,4,4,4
3105,1,2,2,1,2,1
3106,1,3,4,2,4,1
3107,4,4,4,2,4,4
3108,2,2,2,2,2,2
3109,4,4,4,4,4,4
3110,5,5,5,5,5,5
3111,2,2,2,2,2,2
3112,3,3,3,3,3,3
3113,3,3,4,3,4,3
3114,3,3,3,3,3,3
3115,4,4,4,4,4,4
3116,4,4,2,2,4,1
3117,1,2,2,2,4,1
3118,2,2,2,4,4,2
3119,4,5,4,5,5,4
3120,2,3,4,4,3,3
3121,2,3,2,2,3,2
3122,1,4,1,4,5,2
3123,3,4,4,4,4,3
3124,1,3,1,4,3,2
3125,2,3,3,4,3,3
3126,2,3,2,4,4,2
3127,2,4,4,4,3,3
3128,4,4,4,4,4,4
3129,2,4,4,5,4,3
3130,3,4,4,3,5,2
3131,3,2,2,1,3,2
3132,2,5,4,2,4,3
3133,2,4,2,4,4,2
3134,2,4,4,4,4,3
3135,2,4,3,3,3,3
3136,2,2,2,4,4,2
3137,2,2,2,2,2,3
3138,1,5,2,5,3,2
3139,3,3,3,3,4,3
3140,3,3,2,2,3,3
3141,2,3,3,4,4,2
3142,1,3,3,4,4,1
3143,2,4,4,1,2,3
3144,3,4,4,3,4,3
3145,4,4,4,4,4,4
3146,1,1,1,3,3,1
3147,3,2,2,3,3,3
3148,4,4,4,5,5,5
3149,3,4,4,2,4,3
3150,3,4,4,5,5,4
3151,4,4,3,4,4,1
3152,5,5,4,4,5,4
3153,3,3,3,3,3,3
3154,2,3,2,2,3,2
3155,1,4,3,4,3,1
3156,4,4,4,4,4,4
3157,1,2,1,2,3,1
3158,4,4,2,4,3,4
3159,4,4,4,4,4,4
3160,3,4,4,3,4,4
3161,2,3,2,2,4,3
3162,1,3,2,2,3,2
3163,1,1,2,3,2,1
3164,2,2,2,4,2,2
3165,4,4,4,4,3,4
3166,4,5,5,5,5,4
3167,1,2,2,5,2,1
3168,1,4,2,5,4,3
3169,2,4,2,4,2,2
3170,5,5,5,4,4,4
3171,3,3,2,2,4,2
3172,2,2,2,2,2,2
3173,4,4,4,3,4,4
3174,2,1,2,3,3,2
3175,1,2,2,2,3,1
3176,4,4,4,4,4,4
3177,3,4,4,3,3,3
3178,2,3,3,2,4,3
3179,4,4,4,4,4,3
3180,2,4,2,3,4,2
3181,4,5,5,5,4,4
3182,2,3,3,3,4,2
3183,4,4,4,3,3,1
3184,2,4,2,4,3,3
3185,2,3,2,2,3,2
3186,3,3,4,4,4,4
3187,3,3,3,3,3,3
3188,3,4,4,4,4,4
3189,3,3,3,3,3,3
3190,4,4,4,4,4,3
3191,2,2,2,2,2,2
3192,3,4,4,5,4,4
3193,2,4,3,2,4,2
3194,2,5,4,5,3,3
3195,4,4,3,4,4,2
3196,2,2,3,4,4,2
3197,2,2,2,2,3,2
3198,2,1,2,2,4,3
3199,3,2,3,3,1,3
3200,2,3,2,3,2,1
3201,2,2,2,2,3,2
3202,2,2,2,2,5,2
3203,2,2,2,2,4,2
3204,2,4,3,3,4,3
3205,2,2,2,3,4,2
3206,1,1,1,5,4,1
3207,4,4,3,3,4,4
3208,4,5,5,4,4,4
3209,2,1,2,2,3,2
3210,2,3,3,2,3,2
3211,4,4,3,5,5,4
3212,3,4,4,4,4,3
3213,1,5,3,3,4,2
3214,2,2,4,2,3,3
3215,2,2,3,2,4,3
3216,1,1,1,5,2,1
3217,2,4,2,4,4,3
3218,4,4,4,4,4,4
3219,4,4,4,5,5,3
3220,2,3,3,4,4,2
3221,1,2,2,3,1,1
3222,3,3,3,3,4,3
3223,2,2,3,3,3,3
3224,2,4,2,4,4,2
3225,1,1,1,2,2,1
3226,4,4,4,3,4,3
3227,5,5,5,5,5,5
3228,3,4,5,5,4,4
3229,4,4,4,5,5,4
3230,2,4,2,4,5,2
3231,2,4,2,2,4,2
3232,4,4,4,4,4,4
3233,3,3,3,3,3,4
3234,4,4,3,4,4,4
3235,2,3,2,4,4,3
3236,2,2,2,3,3,2
3237,2,2,2,4,3,3
3238,3,4,4,5,5,3
3239,3,2,2,2,4,3
3240,1,5,4,4,4,3
3241,2,2,3,3,4,3
3242,1,1,1,2,3,2
3243,2,3,2,4,5,2
3244,3,3,3,4,3,3
3245,3,3,3,4,3,4
3246,2,4,4,4,4,3
3247,2,3,4,2,2,3
3248,4,4,4,4,3,3
3249,1,2,2,2,2,1
3250,2,4,3,3,4,3
3251,2,4,4,5,2,2
3252,4,4,4,2,4,4
3253,3,3,4,4,4,3
3254,2,3,2,2,2,2
3255,4,4,4,5,5,4
3256,4,4,4,4,4,4
3257,3,3,4,3,4,4
3258,3,4,4,3,4,3
3259,3,3,3,3,3,3
3260,2,2,2,1,3,2
3261,4,4,4,4,4,4
3262,3,4,4,4,4,4
3263,2,3,2,2,3,3
3264,2,2,2,2,2,2
3265,1,2,2,3,2,2
3266,1,3,1,2,1,1
3267,3,4,4,4,4,3
3268,4,4,4,4,4,4
3269,2,4,4,4,4,3
3270,4,2,3,3,3,3
3271,2,4,3,3,3,2
3272,2,4,4,3,4,4
3273,3,4,4,4,4,4
3274,2,2,5,2,3,2
3275,4,4,4,4,5,4
3276,4,4,4,4,4,4
3277,3,3,2,3,3,2
3278,2,3,2,2,2,2
3279,3,3,3,4,4,4
3280,2,3,3,2,1,2
3281,2,3,3,4,4,3
3282,4,3,4,2,4,4
3283,2,3,4,4,5,3
3284,4,4,4,4,4,4
3285,2,5,4,4,4,3
3286,3,2,3,3,4,3
3287,2,4,4,4,4,2
3288,2,4,4,4,4,2
3289,1,2,1,3,3,2
3290,3,4,3,5,3,4
3291,2,3,2,4,4,2
3292,1,2,1,2,2,1
3293,2,3,3,2,3,2
3294,2,2,2,4,4,1
3295,2,3,2,4,3,3
3296,2,3,4,5,4,3
3297,4,3,3,3,4,3
3298,2,3,2,4,4,2
3299,2,2,2,4,4,2
3300,2,3,2,4,3,1
3301,1,4,2,4,2,2
3302,4,4,4,4,4,4
3303,2,4,4,3,4,4
3304,3,4,2,3,2,2
3305,4,4,4,2,4,4
3306,1,2,3,4,2,2
3307,1,2,3,2,2,3
3308,2,3,3,3,4,3
3309,2,3,2,2,4,2
3310,2,3,3,4,4,3
3311,3,3,3,2,3,3
3312,2,2,3,3,3,3
3313,2,3,3,4,3,3
3314,2,1,2,2,4,2
3315,2,2,2,2,2,2
3316,3,4,3,3,3,3
3317,3,5,4,4,4,4
3318,1,2,2,1,2,1
3319,2,4,2,4,4,3
3320,2,2,3,3,3,3
3321,2,2,2,2,2,2
3322,4,4,4,4,4,3
3323,4,5,4,5,4,4
3324,3,4,2,4,4,3
3325,1,4,3,5,3,2
3326,2,2,2,2,4,2
3327,2,2,2,2,3,2
3328,2,3,2,1,2,3
3329,4,4,3,4,4,4
3330,2,5,2,4,4,4
3331,5,4,5,5,5,4
3332,2,2,2,2,4,2
3333,3,4,3,4,4,3
3334,4,4,3,5,5,2
3335,2,3,3,3,3,2
3336,1,4,2,2,2,2
3337,3,4,4,4,4,4
3338,1,3,1,2,4,1
3339,1,3,2,4,3,2
3340,1,4,3,4,3,1
3341,1,3,3,5,2,2
3342,4,4,4,5,4,3
3343,3,3,3,3,3,3
3344,2,3,2,2,2,1
3345,5,4,4,3,5,4
3346,2,3,3,4,2,3
3347,4,4,4,4,4,4
3348,2,5,4,4,3,4
3349,4,4,4,4,4,3
3350,2,3,3,3,4,2
3351,2,2,2,3,2,2
3352,3,2,4,2,5,3
3353,2,3,3,4,4,2
3354,2,3,3,4,3,3
3355,3,4,4,4,3,4
3356,3,4,4,4,4,4
3357,3,4,4,2,4,3
3358,1,5,2,4,3,1
3359,3,4,4,4,4,4
3360,4,5,4,4,4,4
3361,3,3,3,4,4,4
3362,2,2,2,2,2,2
3363,3,2,4,4,4,4
3364,3,4,3,2,3,3
3365,4,4,2,2,4,2
3366,2,4,2,4,3,2
3367,3,4,4,4,3,3
3368,2,2,2,2,4,2
3369,3,3,3,3,3,3
3370,1,4,2,2,2,2
3371,2,3,3,3,3,3
3372,2,4,4,4,4,3
3373,2,2,3,3,3,2
3374,4,4,3,3,4,4
3375,4,4,4,4,4,4
3376,4,3,3,3,4,4
3377,4,4,4,4,4,4
3378,2,4,3,3,4,3
3379,2,3,4,3,4,3
3380,4,4,4,4,5,5
3381,2,3,3,3,3,2
3382,2,2,2,3,3,2
3383,3,4,4,4,4,4
3384,4,4,4,4,4,4
3385,1,2,2,1,2,1
3386,2,4,4,3,4,3
3387,3,5,5,5,4,3
3388,2,2,2,2,2,2
3389,2,2,2,2,2,2
3390,4,2,4,4,4,3
3391,2,1,3,1,4,2
3392,3,4,3,3,4,4
3393,2,3,2,3,3,3
3394,1,2,1,2,2,1
3395,3,3,2,1,3,3
3396,2,3,2,4,4,2
3397,2,3,3,2,2,3
3398,4,5,4,4,5,4
3399,3,5,4,4,4,3
3400,2,3,3,1,2,2
3401,2,3,3,3,3,3
3402,3,3,2,3,3,3
3403,4,4,2,4,4,3
3404,2,4,4,5,4,2
3405,2,2,2,4,3,2
3406,4,4,4,5,4,5
3407,1,2,1,2,3,1
3408,3,4,4,4,3,4
3409,1,1,1,2,1,1
3410,2,3,3,3,3,2
3411,2,4,5,4,4,4
3412,2,3,3,4,4,2
3413,3,4,4,4,4,4
3414,2,3,2,4,3,1
3415,1,4,3,4,3,2
3416,1,1,1,1,4,1
3417,4,5,5,5,5,5
3418,2,4,2,5,4,2
3419,2,3,3,3,3,3
3420,1,2,3,4,2,2
3421,2,3,3,3,3,2
3422,3,4,4,4,4,3
3423,2,3,3,3,3,2
3424,4,5,3,4,5,4
3425,2,2,2,4,4,2
3426,1,3,2,4,3,2
3427,2,2,2,3,3,3
3428,2,3,4,3,3,3
3429,3,2,2,2,2,2
3430,2,2,5,5,5,4
3431,2,1,1,2,3,2
3432,1,1,2,1,3,3
3433,2,3,2,2,3,1
3434,2,4,2,4,2,3
3435,2,4,4,4,5,4
3436,1,2,2,2,2,1
3437,3,4,4,4,4,3
3438,2,4,4,2,4,3
3439,3,3,2,2,2,3
3440,3,3,4,3,3,3
3441,3,3,3,4,4,4
3442,1,1,1,2,1,1
3443,1,4,2,4,2,1
3444,3,3,4,3,4,3
3445,1,3,2,4,1,1
3446,3,4,4,4,3,2
3447,2,4,4,2,3,2
3448,1,2,2,2,3,1
3449,2,1,2,2,2,2
3450,2,3,3,4,4,4
3451,2,4,3,4,4,2
3452,2,3,2,2,3,2
3453,4,4,3,3,4,3
3454,2,2,2,2,3,2
3455,3,3,4,2,4,4
3456,2,3,2,3,3,3
3457,2,2,2,4,2,2
3458,1,2,2,1,1,1
3459,3,5,3,4,4,3
3460,1,1,1,1,2,1
3461,3,5,4,4,5,5
3462,1,3,4,4,4,2
3463,4,5,4,3,5,5
3464,2,4,4,4,4,3
3465,3,3,3,4,4,3
3466,4,4,5,5,5,4
3467,4,4,4,4,4,4
3468,4,4,4,4,3,4
3469,4,4,4,4,4,3
3470,1,3,1,1,2,1
3471,5,4,4,4,5,4
3472,2,2,3,2,3,2
3473,2,4,3,4,2,2
3474,2,4,2,5,4,2
3475,2,2,2,2,3,2
3476,3,3,3,3,3,3
3477,2,4,2,2,3,1
3478,3,3,3,4,4,2
3479,2,3,3,2,3,3
3480,2,3,2,4,2,2
3481,3,4,4,4,4,4
3482,4,5,4,5,4,4
3483,3,3,3,3,3,3
3484,4,4,3,4,5,4
3485,3,3,3,1,4,2
3486,3,3,3,3,3,3
3487,1,2,2,2,2,1
3488,2,3,2,4,4,2
3489,2,3,2,3,3,2
3490,2,2,2,2,4,1
3491,2,4,4,4,4,4
3492,2,3,3,2,3,2
3493,1,1,1,1,2,1
3494,4,4,4,4,4,4
3495,1,3,2,3,2,2
3496,4,2,2,2,4,2
3497,1,4,4,4,4,1
3498,5,5,5,4,5,4
3499,4,4,4,4,4,4
3500,1,2,1,4,2,1
3501,2,4,4,4,4,4
3502,1,4,2,4,1,1
3503,2,5,3,3,4,2
3504,4,4,5,4,5,3
3505,2,3,3,4,4,2
3506,1,2,2,3,4,1
3507,4,4,4,5,5,4
3508,2,2,1,2,2,1
3509,2,3,3,3,4,3
3510,3,2,3,3,3,3
3511,2,4,4,5,5,2
3512,2,4,2,2,5,2
3513,4,4,4,1,4,4
3514,3,3,3,5,3,4
3515,5,5,5,5,5,5
3516,4,4,5,4,4,4
3517,2,3,2,2,2,2
3518,2,5,4,5,4,4
3519,3,3,3,3,3,3
3520,1,2,3,3,3,1
3521,2,4,3,4,4,3
3522,4,4,4,4,4,5
3523,2,2,2,3,4,3
3524,2,3,4,4,4,3
3525,1,2,2,4,1,1
3526,1,2,1,3,2,1
3527,4,4,3,4,4,4
3528,2,3,2,3,3,2
3529,4,5,5,5,3,4
3530,4,4,4,3,5,4
3531,1,2,2,2,3,3
3532,2,2,3,4,4,3
3533,2,2,2,2,4,3
3534,2,3,3,4,3,2
3535,2,2,2,2,2,3
3536,3,4,3,4,4,4
3537,2,3,3,3,4,2
3538,2,2,2,2,2,2
3539,2,3,2,3,3,3
3540,2,3,3,3,3,2
3541,4,4,4,3,5,4
3542,2,3,5,4,5,2
3543,2,2,2,4,2,2
3544,3,3,4,4,4,3
3545,1,1,1,3,4,1
3546,4,3,4,4,3,4
3547,2,3,4,4,4,4
3548,3,3,3,4,3,4
3549,3,3,3,4,3,3
3550,3,4,4,4,4,3
3551,3,3,2,2,2,2
3552,4,4,3,5,4,4
3553,2,1,2,3,4,1
3554,2,4,3,4,5,2
3555,3,4,3,5,4,3
3556,1,3,3,4,2,2
3557,1,2,2,2,2,1
3558,2,3,2,3,3,3
3559,2,1,5,3,5,2
3560,3,3,3,3,3,3
3561,4,2,4,3,4,3
3562,3,3,3,2,4,3
3563,2,2,2,3,3,2
3564,3,4,4,3,4,4
3565,3,2,3,3,3,3
3566,3,3,3,4,4,3
3567,1,2,2,2,4,1
3568,2,2,3,2,3,2
3569,3,5,3,5,4,3
3570,2,2,4,4,4,2
3571,3,3,3,4,4,3
3572,4,4,4,3,5,4
3573,1,4,2,4,4,2
3574,2,2,4,3,5,2
3575,2,3,2,4,4,4
3576,1,1,3,4,5,3
3577,2,3,4,4,2,2
3578,3,4,3,4,4,4
3579,3,4,4,4,4,4
3580,3,4,3,4,4,3
3581,1,2,1,2,1,1
3582,1,2,4,4,2,1
3583,2,2,2,4,2,2
3584,2,4,4,5,4,2
3585,3,5,4,5,4,3
3586,2,4,2,5,4,2
3587,3,2,2,2,4,2
3588,2,2,3,3,4,2
3589,1,2,1,1,1,1
3590,3,4,3,4,3,3
3591,4,4,4,4,4,4
3592,1,2,1,2,1,1
3593,2,3,2,3,2,2
3594,2,4,3,5,5,2
3595,4,4,4,4,4,4
3596,3,4,4,4,4,4
3597,4,4,4,4,4,4
3598,1,3,2,1,2,1
3599,2,4,4,4,4,3
3600,2,2,2,2,2,2
3601,1,2,2,3,2,1
3602,2,3,3,4,2,3
3603,2,4,2,2,3,2
3604,1,1,1,2,2,1
3605,2,4,4,2,3,3
3606,2,2,2,2,3,2
3607,3,3,3,4,4,3
3608,2,4,2,3,2,2
3609,4,5,4,4,4,4
3610,2,2,3,2,4,2
3611,1,2,1,2,2,1
3612,3,4,4,5,3,3
3613,4,5,4,5,5,4
3614,2,2,2,3,4,2
3615,3,3,4,3,2,3
3616,3,4,4,4,4,4
3617,3,4,4,4,4,3
3618,2,3,2,1,4,2
3619,1,2,2,3,2,2
3620,3,2,2,3,4,3
3621,4,4,4,4,5,4
3622,1,3,2,1,3,1
3623,5,5,5,5,5,5
3624,1,2,3,3,4,1
3625,2,3,1,2,2,2
3626,2,3,3,4,4,3
3627,2,2,2,2,4,2
3628,2,3,3,3,2,2
3629,2,3,3,4,4,2
3630,4,3,2,3,2,1
3631,4,5,4,4,4,4
3632,4,4,4,4,4,4
3633,2,2,2,3,2,2
3634,3,4,4,4,4,3
3635,1,1,1,1,1,1
3636,2,4,3,4,4,3
3637,4,4,4,4,4,4
3638,4,5,4,4,4,4
3639,5,5,5,5,5,5
3640,2,5,3,2,3,3
3641,2,2,3,4,4,3
3642,3,4,3,4,4,3
3643,3,4,3,3,4,3
3644,3,4,4,5,4,4
3645,4,5,4,4,4,4
3646,2,5,4,2,4,4
3647,4,5,4,3,4,3
3648,3,5,5,5,5,4
3649,2,2,2,2,3,2
3650,4,4,4,4,4,4
3651,2,2,2,2,2,2
3652,2,3,2,4,4,2
3653,1,1,1,3,2,1
3654,4,4,4,4,4,5
3655,2,2,2,3,3,2
3656,4,5,4,4,4,4
3657,2,4,4,2,4,2
3658,2,4,4,4,4,4
3659,2,2,2,2,2,2
3660,3,3,3,3,3,3
3661,2,4,4,2,3,2
3662,1,1,2,2,2,1
3663,3,3,5,2,3,3
3664,4,5,5,5,5,5
3665,2,4,4,4,4,4
3666,2,4,2,4,4,2
3667,3,3,3,3,4,3
3668,3,3,3,4,4,3
3669,4,5,4,5,4,4
3670,3,2,4,4,3,3
3671,2,3,3,3,3,2
3672,5,5,4,5,5,3
3673,4,2,4,4,4,4
3674,1,2,1,1,2,1
3675,3,4,4,3,3,3
3676,1,3,3,1,3,2
3677,1,1,1,3,2,1
3678,1,3,2,4,3,2
3679,4,4,4,5,5,4
3680,3,4,4,4,4,4
3681,2,3,2,1,3,3
3682,3,4,3,4,4,3
3683,2,4,3,3,4,3
3684,2,3,3,2,4,3
3685,2,4,4,4,4,2
3686,1,2,2,3,4,1
3687,3,3,3,3,3,3
3688,2,4,2,3,4,2
3689,2,4,3,4,4,2
3690,2,4,4,4,4,4
3691,2,4,4,4,4,3
3692,3,3,4,4,3,3
3693,4,4,4,4,4,3
3694,1,3,3,3,3,2
3695,4,5,5,5,5,5
3696,2,3,2,4,3,1
3697,2,2,2,4,4,2
3698,4,4,4,4,4,4
3699,3,3,3,3,3,3
3700,1,1,1,1,3,1
3701,2,3,2,3,4,3
3702,3,4,4,4,4,4
3703,3,5,5,5,4,4
3704,2,2,3,4,4,2
3705,4,4,4,4,4,4
3706,3,4,4,4,4,4
3707,2,2,2,4,4,2
3708,2,2,2,2,2,1
3709,3,3,3,5,4,3
3710,2,2,4,4,4,2
3711,4,4,4,4,4,4
3712,3,3,3,4,4,3
3713,2,2,2,4,3,2
3714,4,4,3,4,3,4
3715,2,2,2,2,2,2
3716,2,2,2,1,4,2
3717,1,4,4,1,4,1
3718,4,4,5,2,5,4
3719,4,5,4,4,4,4
3720,2,5,4,5,4,4
3721,2,4,2,4,3,2
3722,4,4,4,4,4,4
3723,1,4,3,4,3,2
3724,2,4,3,2,4,2
3725,2,4,4,4,4,3
3726,1,4,4,4,4,3
3727,4,4,4,4,4,5
3728,2,2,2,2,3,2
3729,2,4,3,5,4,4
3730,2,4,4,5,5,4
3731,3,2,3,3,2,2
3732,1,2,2,2,2,1
3733,2,3,2,2,2,2
3734,2,4,3,4,4,2
3735,4,4,4,5,4,4
3736,2,2,1,1,2,2
3737,2,4,3,5,4,2
3738,2,2,2,4,2,2
3739,4,4,3,5,4,3
3740,1,2,1,2,4,1
3741,3,4,4,4,3,3
3742,2,4,3,4,3,1
3743,3,2,2,2,4,3
3744,2,2,3,3,3,2
3745,1,1,2,2,2,2
3746,5,5,5,5,5,5
3747,2,2,2,3,3,2
3748,4,4,5,5,5,5
3749,3,3,3,3,3,3
3750,3,4,4,5,5,4
3751,2,4,2,2,2,1
3752,3,2,2,2,4,2
3753,2,4,2,2,4,2
3754,3,4,3,4,3,3
3755,1,5,3,4,2,3
3756,2,2,2,3,4,2
3757,1,4,4,3,3,2
3758,3,5,4,4,5,4
3759,2,3,3,3,4,3
3760,1,3,2,5,2,1
3761,2,2,2,4,4,2
3762,2,4,3,4,4,2
3763,4,4,4,4,4,4
3764,2,3,3,1,3,2
3765,2,2,2,2,2,2
3766,2,3,2,3,3,3
3767,1,3,3,3,4,3
3768,4,4,4,5,5,4
3769,2,2,2,2,3,2
3770,2,4,4,3,2,3
3771,1,4,4,3,2,2
3772,1,2,3,3,3,1
3773,4,5,5,5,5,5
3774,2,2,2,4,3,2
3775,2,3,4,4,4,4
3776,2,4,3,5,4,3
3777,1,2,2,2,4,2
3778,2,2,2,2,3,1
3779,2,2,2,2,4,2
3780,2,2,2,2,3,2
3781,2,4,4,2,2,3
3782,1,5,3,1,1,4
3783,2,3,2,2,4,2
3784,4,4,3,5,5,3
3785,2,3,2,3,3,2
3786,3,3,3,2,3,3
3787,4,4,4,4,4,4
3788,3,3,2,2,4,2
3789,4,4,2,4,2,2
3790,3,4,4,4,4,4
3791,3,3,3,3,4,3
3792,3,4,4,4,4,4
3793,2,2,2,3,4,2
3794,2,4,5,5,4,4
3795,1,4,2,1,2,1
3796,3,3,3,3,4,3
3797,4,4,4,4,4,4
3798,2,2,2,2,4,2
3799,3,4,4,2,4,4
3800,4,4,4,3,4,3
3801,4,5,4,5,4,4
3802,1,4,2,4,2,2
3803,2,4,3,3,2,2
3804,4,4,4,4,4,4
3805,4,4,4,3,4,4
3806,1,3,2,3,3,1
3807,2,4,4,4,3,3
3808,2,4,2,5,5,4
3809,2,4,3,4,2,2
3810,2,2,2,2,3,2
3811,1,2,2,2,3,1
3812,5,5,5,5,5,5
3813,3,4,4,4,4,4
3814,4,4,4,5,4,4
3815,3,3,3,3,3,3
3816,2,3,3,3,4,2
3817,1,3,1,1,3,1
3818,3,4,4,4,4,3
3819,3,4,3,4,4,2
3820,5,4,4,4,4,4
3821,3,3,3,3,3,3
3822,1,3,3,5,4,2
3823,1,4,2,4,4,1
3824,5,5,5,5,5,5
3825,2,2,2,3,2,1
3826,3,3,3,4,4,3
3827,2,4,5,5,4,4
3828,4,5,4,4,5,4
3829,2,3,3,3,3,2
3830,1,2,2,2,2,1
3831,3,4,3,2,4,2
3832,1,4,4,4,4,1
3833,2,3,3,3,3,3
3834,1,1,1,3,2,1
3835,3,3,3,4,4,2
3836,2,3,3,4,4,2
3837,3,3,3,3,3,3
3838,4,4,4,4,4,4
3839,2,4,4,4,4,4
3840,2,2,2,2,4,2
3841,1,3,3,1,2,1
3842,2,4,4,5,5,4
3843,4,4,4,4,4,4
3844,4,4,4,4,4,4
3845,2,4,4,4,4,3
3846,2,4,2,5,4,2
3847,4,4,2,4,2,2
3848,3,3,3,4,4,4
3849,3,5,3,4,4,3
3850,3,4,4,4,4,4
3851,2,2,2,4,3,2
3852,4,4,4,4,4,4
3853,4,4,4,4,4,4
3854,3,3,3,3,3,3
3855,4,5,4,5,5,4
3856,2,4,2,1,3,3
3857,4,5,4,4,5,5
3858,3,4,3,4,4,4
3859,2,4,4,4,4,4
3860,2,4,2,1,4,4
3861,3,4,3,4,4,3
3862,3,4,4,5,4,3
3863,4,4,4,4,4,4
3864,4,4,5,5,5,4
3865,2,5,4,4,4,2
3866,2,1,1,3,2,2
3867,2,4,4,4,4,4
3868,2,2,1,3,4,2
3869,5,5,5,5,5,5
3870,2,4,3,3,3,2
3871,4,4,4,2,3,3
3872,4,4,4,4,4,4
3873,4,4,4,3,4,4
3874,3,5,4,4,4,3
3875,1,3,3,2,4,3
3876,2,4,1,1,2,1
3877,2,2,2,4,4,3
3878,4,5,5,5,5,5
3879,2,5,2,2,3,2
3880,2,2,2,2,2,2
3881,2,5,2,1,4,1
3882,2,4,4,4,5,4
3883,3,3,4,4,4,4
3884,3,2,4,3,4,3
3885,1,1,4,3,5,3
3886,1,3,3,3,2,2
3887,2,4,2,2,4,3
3888,4,4,4,4,4,4
3889,4,4,4,4,4,4
3890,4,4,4,4,4,3
3891,2,2,2,2,2,2
3892,3,4,3,4,5,4
3893,1,3,3,4,3,2
3894,3,3,4,2,4,3
3895,2,4,3,3,4,2
3896,4,2,4,4,4,3
3897,4,3,3,4,4,3
3898,2,4,3,3,4,2
3899,3,3,3,3,2,2
3900,2,2,2,1,2,2
3901,4,4,4,4,5,4
3902,2,3,2,2,3,2
3903,2,4,4,4,4,2
3904,4,4,5,5,5,4
3905,1,2,2,2,2,2
3906,4,3,4,3,4,4
3907,2,3,3,3,3,3
3908,2,2,2,2,2,1
3909,2,2,3,4,5,3
3910,3,4,3,2,4,3
3911,5,5,5,5,5,4
3912,3,4,4,4,4,4
3913,2,3,4,4,4,4
3914,1,1,3,4,4,1
3915,4,5,4,4,4,4
3916,4,3,4,2,4,3
3917,4,4,4,5,4,4
3918,4,5,5,5,4,4
3919,2,4,4,3,2,2
3920,2,2,4,2,4,2
3921,2,2,4,3,4,3
3922,3,4,4,5,4,3
3923,1,1,1,2,2,3
3924,1,2,2,3,3,2
3925,4,4,4,4,4,4
3926,4,3,4,4,4,3
3927,4,3,4,2,4,2
3928,4,5,4,5,5,4
3929,2,3,3,4,2,3
3930,3,4,3,5,4,3
3931,2,3,3,3,3,3
3932,2,2,2,5,4,2
3933,3,4,4,5,4,4
3934,2,3,3,3,2,3
3935,3,5,3,3,4,3
3936,3,4,3,4,3,3
3937,3,3,3,3,4,3
3938,2,2,2,2,2,2
3939,3,3,3,3,4,3
3940,2,4,3,4,4,3
3941,2,2,2,2,4,2
3942,2,3,4,4,4,3
3943,2,5,3,4,3,3
3944,2,4,4,4,4,4
3945,4,5,4,5,5,4
3946,2,4,4,2,3,3
3947,3,3,3,3,3,3
3948,1,2,1,3,3,1
3949,3,4,4,4,4,3
3950,3,4,4,4,4,3
3951,3,3,3,3,3,3
3952,1,2,2,2,3,3
3953,4,5,5,5,5,5
3954,3,4,4,4,4,4
3955,2,4,3,5,4,3
3956,1,1,1,1,1,1
3957,3,3,3,3,3,3
3958,4,4,4,4,4,4
3959,3,3,3,3,4,3
3960,1,3,1,3,2,1
3961,4,4,4,4,4,4
3962,3,3,3,3,3,3
3963,4,3,2,4,4,4
3964,4,1,2,4,2,4
3965,3,3,2,1,2,2
3966,2,4,3,4,4,4
3967,2,4,4,3,4,3
3968,4,4,4,3,4,4
3969,2,4,3,3,4,2
3970,2,4,4,4,4,3
3971,4,4,4,5,3,4
3972,4,4,4,4,4,4
3973,4,4,4,4,4,4
3974,4,4,4,4,4,4
3975,2,4,4,5,2,3
3976,2,2,4,3,4,3
3977,4,5,4,5,4,4
3978,2,4,3,4,3,3
3979,2,2,2,4,4,2
3980,2,5,3,4,4,3
3981,2,4,4,2,5,4
3982,4,5,5,5,5,4
3983,2,2,3,2,3,2
3984,4,4,4,5,5,4
3985,3,5,5,4,4,4
3986,1,2,3,2,4,2
3987,3,3,3,3,3,3
3988,2,1,2,4,4,2
3989,3,4,3,3,3,3
3990,2,3,4,2,3,2
3991,1,3,3,4,3,2
3992,3,4,3,3,4,4
3993,2,3,2,3,1,1
3994,3,4,4,3,4,4
3995,5,3,3,2,4,3
3996,2,4,4,4,4,3
3997,1,4,4,1,4,2
3998,4,5,4,3,4,4
3999,2,4,4,2,3,2
4000,3,4,4,4,4,4
4001,3,4,4,5,3,3
4002,2,5,4,4,5,2
4003,2,4,4,4,4,3
4004,4,3,5,3,4,3
4005,2,4,1,3,3,2
4006,4,5,4,5,4,4
4007,4,4,5,5,5,4
4008,4,5,4,5,4,4
4009,4,5,5,4,4,4
4010,1,3,2,3,2,1
4011,2,2,2,2,4,3
4012,2,3,2,3,4,3
4013,2,5,2,3,2,2
4014,4,5,4,5,5,5
4015,4,4,4,4,4,4
4016,3,4,4,4,4,2
4017,2,4,2,2,3,1
4018,3,2,3,4,4,2
4019,3,3,3,5,4,2
4020,4,2,2,5,4,4
4021,1,2,2,3,3,3
4022,3,3,3,4,4,5
4023,2,2,2,2,2,2
4024,2,4,3,4,2,3
4025,2,4,4,4,5,4
4026,5,5,5,5,5,5
4027,1,4,2,4,2,2
4028,3,4,4,4,4,4
4029,3,4,3,3,4,2
4030,3,4,3,5,4,3
4031,2,3,2,2,2,2
4032,1,3,4,3,4,2
4033,3,5,4,4,3,3
4034,2,3,2,4,4,2
4035,4,4,3,4,4,3
4036,1,2,1,4,2,1
4037,4,4,4,5,4,4
4038,4,5,5,5,5,5
4039,1,2,2,2,2,1
4040,2,4,4,4,4,4
4041,2,2,2,4,3,2
4042,3,4,4,4,4,4
4043,3,3,3,4,3,2
4044,5,4,4,4,4,4
4045,3,4,4,4,4,3
4046,1,2,2,3,4,1
4047,3,4,3,5,4,4
4048,1,2,2,2,2,1
4049,4,4,2,4,5,4
4050,3,3,4,5,4,4
4051,3,3,3,2,2,2
4052,4,4,4,4,4,4
4053,2,3,3,3,4,3
4054,3,3,3,2,4,3
4055,3,5,3,3,3,3
4056,2,3,4,4,4,4
4057,2,2,2,2,3,3
4058,2,2,2,2,4,2
4059,1,1,1,1,1,1
4060,2,4,3,4,3,2
4061,1,1,1,4,1,1
4062,1,2,2,2,3,2
4063,2,3,4,3,4,3
4064,2,2,2,4,2,1
4065,5,2,4,3,2,3
4066,1,4,2,4,3,2
4067,4,3,4,5,5,3
4068,1,1,1,1,4,1
4069,2,2,2,2,2,2
4070,1,5,2,3,2,1
4071,3,4,4,4,4,4
4072,4,4,4,4,4,4
4073,2,2,2,4,3,3
4074,3,4,4,5,4,3
4075,3,5,4,5,4,3
4076,2,4,2,3,4,4
4077,1,3,3,2,3,1
4078,3,3,3,5,3,2
4079,2,2,2,3,2,2
4080,3,3,4,4,5,4
4081,2,3,2,4,3,2
4082,2,2,2,2,4,2
4083,2,4,3,3,3,3
4084,3,3,3,3,4,3
4085,3,3,2,2,3,2
4086,1,2,4,4,4,2
4087,2,2,1,2,2,2
4088,2,3,2,2,3,2
4089,1,4,2,5,2,1
4090,2,3,2,2,4,2
4091,4,4,4,4,4,4
4092,2,4,1,4,4,2
4093,2,2,4,2,4,1
4094,2,4,2,5,4,2
4095,2,3,2,4,3,3
4096,2,2,3,3,3,3
4097,2,2,2,3,2,2
4098,4,4,4,4,5,4
4099,1,1,1,1,1,1
4100,2,4,3,4,4,3
4101,5,4,3,4,4,4
4102,3,3,3,3,4,3
4103,2,4,5,4,5,4
4104,3,3,3,3,4,3
4105,3,4,4,5,5,4
4106,1,1,2,1,2,1
4107,3,3,4,4,4,4
4108,2,4,3,2,3,2
4109,2,2,2,4,2,1
4110,2,3,2,5,3,2
4111,2,2,2,2,3,1
4112,1,2,1,2,3,2
4113,1,1,1,1,1,1
4114,1,1,1,1,2,1
4115,3,2,2,2,4,2
4116,3,4,4,4,3,3
4117,3,3,3,3,3,3
4118,2,2,2,2,3,2
4119,4,4,3,4,3,3
4120,4,4,4,4,5,4
4121,3,4,3,4,4,4
4122,2,3,4,4,4,4
4123,3,4,3,4,3,3
4124,3,5,4,5,4,4
4125,2,3,2,4,3,2
4126,3,4,3,3,4,4
4127,5,4,4,5,4,4
4128,2,3,3,4,4,2
4129,2,4,3,5,4,4
4130,4,4,4,4,4,4
4131,4,4,4,4,4,4
4132,1,3,2,2,4,1
4133,2,4,3,1,4,3
4134,5,5,5,5,5,5
4135,2,2,2,4,3,2
4136,1,2,2,2,4,3
4137,4,4,4,4,4,4
4138,4,5,4,4,3,4
4139,4,4,4,4,4,4
4140,3,4,4,4,3,3
4141,3,3,2,3,2,2
4142,1,4,2,4,4,2
4143,1,3,2,4,1,1
4144,2,3,2,2,3,3
4145,4,4,4,5,3,4
4146,4,4,3,3,4,4
4147,1,2,2,3,3,2
4148,4,4,4,4,4,4
4149,2,3,3,4,4,4
4150,2,2,2,2,3,2
4151,1,5,4,5,4,1
4152,3,3,3,4,4,2
4153,2,3,3,3,2,3
4154,2,4,4,3,4,2
4155,1,2,1,4,2,1
4156,4,4,4,4,5,5
4157,1,4,4,4,4,2
4158,2,4,3,4,4,3
4159,1,5,3,5,2,1
4160,3,3,2,3,4,2
4161,3,4,3,5,4,3
4162,2,4,4,4,4,2
4163,2,3,2,3,3,2
4164,3,5,4,3,4,3
4165,4,5,5,4,5,4
4166,4,3,4,4,4,3
4167,1,2,3,3,3,1
4168,4,4,4,3,4,4
4169,2,3,3,4,3,3
4170,2,2,3,2,4,3
4171,3,4,3,4,4,4
4172,2,4,3,2,4,3
4173,1,4,1,4,4,1
4174,3,3,2,2,3,3
4175,3,3,3,3,3,3
4176,1,2,2,4,4,1
4177,1,2,2,2,2,1
4178,4,4,4,4,4,4
4179,4,4,4,4,4,4
4180,1,3,4,5,5,2
4181,3,3,3,3,3,3
4182,5,5,4,5,5,5
4183,2,4,3,5,3,3
4184,3,3,3,3,4,3
4185,2,4,5,5,4,4
4186,2,2,2,2,2,3
4187,3,4,4,4,4,4
4188,3,3,3,3,3,2
4189,2,4,4,4,4,2
4190,4,3,2,2,3,2
4191,3,5,4,4,4,3
4192,2,4,2,2,4,2
4193,3,4,4,4,4,3
4194,2,5,5,5,5,2
4195,2,2,4,2,4,3
4196,2,4,4,4,4,3
4197,4,4,5,4,4,4
4198,1,2,2,4,2,1
4199,2,3,3,4,4,3
4200,1,1,1,1,1,1
4201,3,4,4,4,4,4
4202,2,4,4,5,4,2
4203,4,4,4,4,4,4
4204,2,3,3,2,4,2
4205,2,4,2,5,2,2
4206,1,1,3,2,4,2
4207,1,1,2,4,2,1
4208,2,4,3,4,2,4
4209,2,2,3,2,4,2
4210,4,4,4,5,5,4
4211,4,5,5,5,5,4
4212,4,5,4,5,4,3
4213,2,4,3,4,4,3
4214,3,3,3,4,2,2
4215,3,4,4,3,4,4
4216,3,4,3,5,4,3
4217,2,4,3,3,3,3
4218,4,4,4,4,4,4
4219,2,4,2,2,3,2
4220,4,4,4,4,4,4
4221,2,2,2,3,4,3
4222,4,4,4,4,4,4
4223,3,1,4,5,3,3
4224,2,4,4,4,4,2
4225,2,4,2,3,2,2
4226,1,3,2,2,2,1
4227,3,4,4,4,4,4
4228,2,4,3,3,3,3
4229,2,5,2,5,4,3
4230,4,5,4,4,5,4
4231,3,3,2,5,4,3
4232,2,3,2,3,2,3
4233,2,3,2,4,2,2
4234,3,4,4,4,4,4
4235,2,3,2,2,2,2
4236,4,3,4,5,5,4
4237,2,4,3,5,3,3
4238,2,5,2,5,4,2
4239,3,4,4,5,4,3
4240,2,2,2,2,2,2
4241,4,4,4,4,4,4
4242,1,3,2,1,1,1
4243,1,2,2,4,2,1
4244,3,3,3,3,2,2
4245,2,3,3,3,3,3
4246,2,2,2,3,3,2
4247,4,5,5,5,5,5
4248,3,4,3,3,3,3
4249,3,3,3,4,3,3
4250,1,3,3,2,2,2
4251,3,2,2,2,4,2
4252,1,2,2,3,3,2
4253,2,2,2,2,3,2
4254,4,4,4,4,4,4
4255,3,4,4,4,4,3
4256,2,2,2,2,3,2
4257,5,5,5,5,5,5
4258,3,4,4,3,4,3
4259,4,5,4,5,4,4
4260,2,3,2,3,4,2
4261,3,4,3,4,3,4
4262,1,2,1,4,2,1
4263,3,4,3,4,4,3
4264,2,4,4,4,4,2
4265,4,4,4,4,4,4
4266,2,3,4,2,4,2
4267,1,3,3,3,2,1
4268,3,4,3,2,3,3
4269,2,3,2,2,3,2
4270,4,4,4,4,4,4
4271,3,4,3,4,4,2
4272,2,4,2,3,2,2
4273,1,3,5,4,1,1
4274,1,2,2,2,3,1
4275,1,3,2,3,3,2
4276,2,3,3,3,4,3
4277,1,2,3,3,3,3
4278,5,5,4,5,5,4
4279,2,2,2,2,2,2
4280,2,4,2,4,4,2
4281,2,2,3,4,4,2
4282,1,2,2,3,1,1
4283,2,4,3,4,4,2
4284,1,2,2,2,4,2
4285,4,4,4,4,4,4
4286,2,4,2,4,4,2
4287,2,2,2,2,3,1
4288,3,5,4,5,4,4
4289,2,2,3,3,4,3
4290,2,2,2,2,2,2
4291,4,4,4,4,4,4
4292,4,5,5,5,5,5
4293,2,4,3,3,3,2
4294,2,4,4,2,4,2
4295,2,4,4,3,4,2
4296,4,4,5,5,5,5
4297,2,4,3,4,4,4
4298,2,4,2,4,2,2
4299,3,4,4,5,4,3
4300,5,5,5,5,4,5
4301,2,4,4,4,4,2
4302,2,2,3,3,3,2
4303,3,3,3,3,3,3
4304,4,5,4,5,4,4
4305,3,4,3,3,3,3
4306,2,2,2,2,3,2
4307,1,1,2,2,3,2
4308,2,2,2,3,3,2
4309,4,4,4,4,4,4
4310,4,4,4,4,4,4
4311,1,2,2,3,2,2
4312,4,2,2,4,2,2
4313,4,5,2,2,4,4
4314,1,3,2,4,4,2
4315,4,4,4,5,4,4
4316,1,2,2,2,2,1
4317,5,4,4,4,4,4
4318,2,2,2,5,3,3
4319,5,5,4,4,5,5
4320,2,2,3,2,4,1
4321,3,4,5,5,4,4
4322,2,5,4,4,4,5
4323,1,3,2,4,3,1
4324,2,4,3,3,3,2
4325,2,2,2,2,3,2
4326,2,4,3,4,4,2
4327,1,2,2,2,2,2
4328,4,4,2,3,4,3
4329,4,4,5,5,5,4
4330,4,4,3,4,4,4
4331,2,2,2,1,4,2
4332,2,4,4,5,4,4
4333,2,3,2,3,3,3
4334,4,4,3,2,4,3
4335,3,3,4,4,4,3
4336,2,4,3,3,3,2
4337,2,3,2,2,3,2
4338,3,3,3,1,3,3
4339,3,3,3,3,3,3
4340,5,5,4,5,5,4
4341,4,4,4,4,5,5
4342,2,2,2,2,2,2
4343,4,4,4,4,4,4
4344,4,5,4,5,4,3
4345,3,3,3,3,3,3
4346,4,5,4,5,5,4
4347,4,4,4,4,4,4
4348,4,4,5,4,5,4
4349,4,5,4,4,5,5
4350,4,4,4,4,4,4
4351,3,3,2,3,4,3
4352,4,5,5,5,5,5
4353,2,2,3,3,3,2
4354,2,5,4,4,3,3
4355,2,3,3,4,4,3
4356,2,3,4,3,4,4
4357,1,1,1,3,1,1
4358,2,4,2,5,4,2
4359,3,3,3,3,3,3
4360,1,2,2,5,4,2
4361,2,2,2,2,2,2
4362,3,2,3,3,3,3
4363,2,4,3,4,2,2
4364,4,4,4,5,4,3
4365,3,2,4,2,4,3
4366,3,3,3,3,3,3
4367,2,3,2,3,2,1
4368,2,4,3,4,3,3
4369,1,2,1,2,1,1
4370,3,3,3,3,3,3
4371,2,1,2,2,4,2
4372,2,2,2,1,3,2
4373,1,4,3,5,2,1
4374,2,4,4,4,3,2
4375,3,3,3,4,3,3
4376,3,2,2,4,5,4
4377,2,2,2,2,2,2
4378,1,3,3,3,3,1
4379,4,4,4,4,4,4
4380,2,2,2,4,3,3
4381,3,3,3,3,3,3
4382,1,1,2,2,3,1
4383,2,3,2,4,4,3
4384,4,4,4,4,5,4
4385,3,3,3,4,3,3
4386,3,3,3,4,4,3
4387,2,4,2,3,3,2
4388,3,5,3,3,4,3
4389,1,1,1,1,4,2
4390,3,4,2,2,4,3
4391,4,4,4,3,4,3
4392,4,4,2,4,4,4
4393,4,5,4,4,4,4
4394,1,1,3,2,2,2
4395,1,3,2,3,3,4
4396,3,3,4,3,4,4
4397,1,5,2,4,1,1
4398,4,5,4,5,4,5
4399,2,2,2,2,2,2
4400,2,4,2,3,2,2
4401,4,4,3,4,3,3
4402,4,4,3,4,5,4
4403,3,4,4,3,3,3
4404,2,4,4,4,4,3
4405,2,4,4,4,1,2
4406,2,3,2,3,2,2
4407,4,5,5,5,4,5
4408,3,3,3,3,3,3
4409,1,3,3,3,4,4
4410,4,4,4,4,5,4
4411,4,4,4,3,4,4
4412,4,4,4,4,4,4
4413,2,2,2,2,2,2
4414,4,5,4,4,5,4
4415,2,3,3,3,3,3
4416,4,4,4,4,4,4
4417,3,4,4,4,4,4
4418,1,2,2,4,4,1
4419,1,3,3,3,4,2
4420,4,4,4,3,4,4
4421,2,2,2,2,3,3
4422,2,4,4,4,2,2
4423,2,4,4,4,4,2
4424,4,5,5,5,5,4
4425,3,4,3,3,3,2
4426,3,3,3,2,3,2
4427,1,2,2,2,2,2
4428,4,4,4,4,4,3
4429,1,1,1,1,2,1
4430,3,4,4,2,4,4
4431,2,3,2,3,4,2
4432,2,4,2,4,2,2
4433,2,3,2,3,3,2
4434,3,4,4,4,4,3
4435,2,2,2,4,3,3
4436,4,4,4,4,4,4
4437,4,5,5,5,5,5
4438,2,4,5,5,1,2
4439,4,4,4,5,4,3
4440,2,3,2,2,3,3
4441,2,2,2,2,3,3
4442,2,3,3,2,3,2
4443,4,5,3,3,4,4
4444,3,4,4,4,4,3
4445,1,1,1,1,1,1
4446,3,4,3,4,3,3
4447,2,3,2,2,2,2
4448,2,4,2,2,4,2
4449,1,4,2,3,4,2
4450,2,4,4,4,4,3
4451,2,4,3,4,4,2
4452,2,3,2,4,4,2
4453,4,4,4,4,4,4
4454,2,3,3,3,3,2
4455,2,4,2,5,4,2
4456,3,3,3,4,3,3
4457,4,3,4,3,4,4
4458,3,5,3,5,4,4
4459,3,4,2,5,4,2
4460,4,4,4,4,4,4
4461,3,3,3,3,4,3
4462,1,2,2,3,3,2
4463,2,3,3,2,3,3
4464,2,2,2,2,3,2
4465,1,1,1,2,1,1
4466,4,5,5,5,4,5
4467,4,4,3,4,4,3
4468,4,4,4,4,4,4
4469,4,4,5,4,4,4
4470,4,4,4,3,4,4
4471,3,3,2,4,4,2
4472,2,2,4,2,4,3
4473,2,2,1,1,2,2
4474,2,3,2,1,3,1
4475,2,3,2,4,2,2
4476,2,4,4,4,4,4
4477,4,4,4,4,4,4
4478,2,5,3,3,3,2
4479,2,2,2,3,2,2
4480,4,2,4,2,4,4
4481,2,5,4,4,4,4
4482,2,3,2,2,4,2
4483,3,4,3,4,4,4
4484,2,2,3,2,4,2
4485,2,4,3,3,2,2
4486,1,1,1,1,2,1
4487,4,5,5,5,4,4
4488,2,2,4,2,2,2
4489,3,3,4,4,4,4
4490,3,3,4,4,4,3
4491,2,1,3,4,2,2
4492,1,4,4,4,3,2
4493,4,4,4,4,4,4
4494,4,4,4,5,4,4
4495,4,4,5,4,4,3
4496,2,3,2,5,3,2
4497,4,4,4,4,4,4
4498,4,3,5,4,5,4
4499,4,4,3,3,4,3
4500,3,4,4,4,5,4
4501,3,3,3,3,3,3
4502,4,4,4,3,4,4
4503,2,2,2,4,4,2
4504,1,4,2,1,2,2
4505,2,3,3,3,3,2
4506,2,2,2,2,2,2
4507,3,4,4,3,4,3
4508,2,2,4,4,4,3
4509,3,4,4,5,5,4
4510,4,4,4,4,4,4
4511,2,4,3,3,3,2
4512,4,4,4,4,4,4
4513,2,3,3,4,2,2
4514,4,4,3,4,5,4
4515,3,4,4,4,4,4
4516,2,3,2,2,3,2
4517,2,5,4,4,4,4
4518,2,4,5,5,4,2
4519,2,2,3,4,4,2
4520,2,4,4,4,4,3
4521,4,4,3,4,4,4
4522,1,1,1,1,1,1
4523,4,5,4,5,5,4
4524,1,3,2,4,4,2
4525,2,4,4,5,4,2
4526,5,5,5,5,5,5
4527,1,1,1,4,1,1
4528,2,4,2,4,4,2
4529,1,2,2,3,3,2
4530,1,3,3,3,3,2
4531,4,4,4,3,4,3
4532,2,2,2,3,3,2
4533,2,2,3,2,3,2
4534,4,4,4,5,4,4
4535,2,4,4,5,5,4
4536,2,3,3,2,3,2
4537,4,4,4,4,4,4
4538,2,4,4,4,4,2
4539,2,4,4,5,2,4
4540,2,4,5,4,5,4
4541,2,2,2,1,4,3
4542,3,4,4,5,4,4
4543,5,4,5,4,5,5
4544,3,4,3,4,4,3
4545,3,4,4,4,4,3
4546,3,3,3,3,3,3
4547,2,4,2,2,3,3
4548,2,2,2,2,2,2
4549,1,2,2,1,3,2
4550,1,2,2,2,2,1
4551,2,3,3,5,2,2
4552,3,3,3,3,3,3
4553,2,3,2,3,3,3
4554,4,5,4,5,5,3
4555,2,1,1,4,4,2
4556,3,4,4,5,4,4
4557,4,5,4,4,4,4
4558,3,3,2,2,3,2
4559,3,4,4,4,4,2
4560,5,5,5,5,5,5
4561,4,4,4,4,4,4
4562,1,2,2,2,2,1
4563,3,4,4,5,4,4
4564,1,4,3,5,4,2
4565,3,4,4,4,4,4
4566,2,3,2,1,5,2
4567,2,4,4,5,3,3
4568,1,1,2,2,3,1
4569,2,3,3,3,4,2
4570,1,4,4,2,2,2
4571,3,4,5,4,3,3
4572,2,2,2,3,2,2
4573,3,4,3,3,3,2
4574,4,4,4,4,4,4
4575,3,4,4,3,3,3
4576,3,3,3,3,3,3
4577,2,3,2,2,3,2
4578,3,3,3,3,3,3
4579,4,3,4,5,4,3
4580,2,4,2,5,4,3
4581,3,3,3,4,5,4
4582,4,4,4,4,4,4
4583,2,3,3,2,3,3
4584,1,2,3,4,1,2
4585,4,4,4,4,4,4
4586,2,4,5,5,4,2
4587,1,2,2,2,2,1
4588,4,4,4,4,4,4
4589,5,5,5,4,5,4
4590,2,3,2,2,2,2
4591,1,2,2,4,4,2
4592,1,2,2,3,2,1
4593,2,4,4,4,3,2
4594,2,3,1,2,2,2
4595,2,2,2,4,2,2
4596,2,4,3,4,3,2
4597,2,4,4,5,4,2
4598,4,4,5,5,5,5
4599,2,2,2,4,4,1
4600,3,4,4,4,4,3
4601,3,5,5,5,4,4
4602,4,3,3,3,4,5
4603,4,5,5,5,5,5
4604,2,3,3,4,3,3
4605,2,3,3,2,2,2
4606,1,1,1,2,1,1
4607,3,4,3,4,4,2
4608,4,4,4,5,4,4
4609,1,1,2,1,3,1
4610,1,1,1,4,4,2
4611,2,4,3,4,3,3
4612,4,3,4,4,4,3
4613,4,4,3,3,4,4
4614,3,3,4,4,3,3
4615,2,3,2,4,2,2
4616,4,4,4,4,4,4
4617,4,4,3,3,4,3
4618,2,5,5,4,4,2
4619,2,3,3,3,4,3
4620,2,4,4,2,3,3
4621,2,5,5,5,4,3
4622,3,3,3,3,3,3
4623,1,1,1,2,2,1
4624,3,3,3,3,3,2
4625,4,4,4,4,4,4
4626,3,2,3,2,3,3
4627,3,2,3,1,3,2
4628,3,4,4,3,4,4
4629,1,3,2,4,1,1
4630,3,4,4,4,4,4
4631,1,1,2,2,4,1
4632,2,2,2,2,2,2
4633,3,4,4,4,4,3
4634,2,3,2,1,4,3
4635,2,3,3,2,3,3
4636,2,2,2,2,3,3
4637,4,4,4,4,5,4
4638,4,4,4,4,5,4
4639,3,3,3,2,3,3
4640,2,2,2,2,2,2
4641,3,4,4,5,3,3
4642,2,3,3,2,2,2
4643,4,5,4,4,4,5
4644,3,3,3,4,4,2
4645,4,4,4,4,4,4
4646,2,3,3,4,4,3
4647,3,3,2,3,4,4
4648,3,4,4,5,4,4
4649,2,3,2,2,2,1
4650,2,4,3,5,3,2
4651,3,5,4,5,5,4
4652,2,2,3,2,2,2
4653,2,3,3,3,3,3
4654,3,3,3,4,3,2
4655,3,4,4,3,4,3
4656,1,2,2,4,3,1
4657,4,4,4,4,4,4
4658,4,4,4,5,4,4
4659,2,3,3,3,3,3
4660,1,4,4,3,2,3
4661,2,4,5,4,4,4
4662,5,4,4,4,5,5
4663,4,4,4,5,5,1
4664,1,2,2,2,3,1
4665,3,4,4,3,4,4
4666,1,2,1,1,2,1
4667,2,3,3,3,3,2
4668,4,4,4,4,5,4
4669,2,4,2,3,4,3
4670,3,3,2,3,3,3
4671,4,4,4,3,5,4
4672,3,2,3,4,4,3
4673,2,4,4,4,4,4
4674,2,3,2,3,3,2
4675,2,3,3,3,2,2
4676,2,3,3,3,3,3
4677,3,3,3,2,4,4
4678,3,3,3,3,3,3
4679,2,4,4,2,4,4
4680,2,2,2,3,3,3
4681,4,4,4,2,4,4
4682,2,4,4,2,4,2
4683,1,2,2,1,3,1
4684,2,3,3,3,3,3
4685,3,3,2,4,4,3
4686,2,4,4,5,4,4
4687,1,2,1,3,1,1
4688,1,1,1,1,3,1
4689,2,2,2,4,4,2
4690,2,4,4,4,4,3
4691,2,5,3,2,3,2
4692,3,4,3,4,3,3
4693,2,2,4,2,4,2
4694,3,4,3,3,3,2
4695,2,4,2,2,4,2
4696,2,3,2,2,4,3
4697,4,5,2,2,4,4
4698,3,4,4,4,3,3
4699,2,2,2,4,4,2
4700,2,2,2,3,4,2
4701,3,4,4,4,4,4
4702,4,4,4,4,3,4
4703,1,1,1,1,1,1
4704,2,2,1,3,3,3
4705,2,4,2,5,2,1
4706,1,5,2,5,4,2
4707,4,5,5,5,5,5
4708,2,4,3,5,2,2
4709,2,3,2,4,4,3
4710,3,3,3,3,3,3
4711,4,2,4,3,4,3
4712,2,4,4,5,3,3
4713,2,5,5,5,5,2
4714,3,4,4,5,4,4
4715,3,4,2,5,4,2
4716,1,3,2,4,3,1
4717,2,4,4,3,5,4
4718,2,5,2,1,4,2
4719,1,3,2,4,2,1
4720,3,3,2,5,4,2
4721,2,5,5,5,2,2
4722,4,4,4,4,4,4
4723,1,4,4,2,3,2
4724,1,2,2,2,2,2
4725,2,2,2,2,4,1
4726,1,4,3,3,4,1
4727,3,5,4,4,4,4
4728,3,4,4,4,4,4
4729,3,4,3,4,4,3
4730,3,2,2,4,3,3
4731,4,4,4,4,4,4
4732,3,3,2,4,4,4
4733,5,4,4,5,5,4
4734,3,4,4,4,4,4
4735,3,3,4,4,4,3
4736,1,1,1,1,1,1
4737,1,2,2,2,2,2
4738,2,3,3,3,3,3
4739,3,3,3,3,4,4
4740,2,4,4,4,3,3
4741,2,2,2,2,2,2
4742,4,4,4,5,5,4
4743,4,4,4,4,4,4
4744,2,3,2,3,2,1
4745,2,4,4,4,4,4
4746,2,2,2,3,3,2
4747,2,1,2,4,2,1
4748,2,3,3,4,4,2
4749,2,3,2,4,4,2
4750,2,3,4,5,4,3
4751,2,1,2,2,3,3
4752,4,5,4,5,5,4
4753,5,5,5,4,5,5
4754,2,2,4,1,4,2
4755,2,2,2,2,3,2
4756,1,1,1,3,2,1
4757,3,3,3,3,3,3
4758,4,2,4,4,4,2
4759,3,4,3,3,4,4
4760,2,4,4,3,4,3
4761,2,4,2,4,2,2
4762,2,5,4,4,3,2
4763,2,3,1,1,3,1
4764,3,3,3,3,4,3
4765,3,4,4,3,3,3
4766,2,2,2,2,3,1
4767,3,4,4,3,4,4
4768,4,4,4,2,4,4
4769,1,2,1,1,2,1
4770,4,4,4,4,4,4
4771,2,2,2,3,3,2
4772,1,1,1,1,2,1
4773,2,4,2,4,3,3
4774,1,2,2,4,4,1
4775,1,2,2,4,4,2
4776,3,4,4,4,4,4
4777,4,5,5,5,5,4
4778,1,1,2,3,4,3
4779,4,4,4,4,4,4
4780,2,4,4,4,2,3
4781,2,2,2,2,3,2
4782,3,3,3,3,3,3
4783,2,2,4,2,2,2
4784,3,5,3,5,5,5
4785,4,4,4,4,4,4
4786,2,2,2,2,3,2
4787,4,4,4,4,4,4
4788,2,3,4,2,4,2
4789,4,4,4,4,4,4
4790,5,5,5,5,5,5
4791,1,2,2,2,3,1
4792,1,2,2,3,3,2
4793,1,4,1,4,1,1
4794,2,4,2,5,4,3
4795,5,5,5,5,5,5
4796,2,4,3,5,3,2
4797,2,4,4,4,2,2
4798,3,3,3,3,3,3
4799,3,4,4,3,3,2
4800,2,5,3,4,4,4
4801,2,4,4,4,3,3
4802,3,4,4,4,4,3
4803,1,2,3,2,2,2
4804,1,4,2,4,4,1
4805,3,4,4,4,4,4
4806,2,4,2,2,4,4
4807,3,4,4,2,4,4
4808,2,2,2,2,4,1
4809,2,4,5,5,5,4
4810,3,4,4,4,4,3
4811,1,2,2,2,2,2
4812,2,2,2,2,2,2
4813,1,1,3,2,4,1
4814,1,4,4,3,3,2
4815,2,2,2,3,3,3
4816,3,2,2,4,4,4
4817,2,4,4,5,3,3
4818,2,3,3,2,3,2
4819,1,3,2,3,2,1
4820,2,2,2,4,5,2
4821,3,4,4,5,4,4
4822,2,3,2,3,3,3
4823,3,3,4,4,4,4
4824,2,4,3,4,4,2
4825,3,4,4,5,4,3
4826,2,2,4,4,4,2
4827,2,3,3,3,3,2
4828,3,2,2,4,4,3
4829,3,4,4,4,4,3
4830,2,3,3,2,4,3
4831,2,3,2,2,2,1
4832,5,4,4,1,4,5
4833,2,3,3,3,3,2
4834,1,2,2,4,2,2
4835,3,4,3,3,3,3
4836,4,2,3,5,5,4
4837,3,4,3,4,4,4
4838,2,3,2,3,4,2
4839,2,3,4,4,5,2
4840,1,2,2,2,2,2
4841,2,3,3,3,4,2
4842,3,3,4,4,4,3
4843,3,4,4,3,3,3
4844,1,2,2,3,3,3
4845,5,5,5,5,5,5
4846,2,4,3,3,3,3
4847,4,4,4,4,4,3
4848,1,3,1,2,3,2
4849,3,3,2,4,3,2
4850,2,2,2,3,3,3
4851,3,4,4,4,4,3
4852,3,5,5,5,3,3
4853,1,2,2,2,3,3
4854,2,5,3,2,3,2
4855,4,4,4,4,4,4
4856,3,4,4,3,4,3
4857,4,4,4,4,4,4
4858,2,2,3,2,2,2
4859,5,5,5,5,5,5
4860,3,3,3,3,3,3
4861,3,3,3,3,3,3
4862,5,5,5,5,5,5
4863,3,5,3,4,4,3
4864,5,5,5,5,5,5
4865,4,4,4,3,3,4
4866,2,2,2,2,4,2
4867,2,2,2,3,4,3
4868,2,5,2,4,2,2
4869,4,4,4,4,4,4
4870,4,5,4,4,4,4
4871,1,4,2,3,4,1
4872,1,2,2,2,3,2
4873,2,3,2,3,4,3
4874,2,5,3,5,3,2
4875,2,2,4,2,4,2
4876,4,4,4,4,4,4
4877,2,2,2,3,2,2
4878,2,2,2,2,4,2
4879,2,5,4,2,3,4
4880,4,5,5,5,5,5
4881,3,4,4,4,4,4
4882,4,4,4,4,5,4
4883,4,4,4,2,3,4
4884,1,2,3,4,1,2
4885,4,4,4,4,4,4
4886,3,4,4,4,3,3
4887,2,2,2,2,3,2
4888,2,3,3,2,3,2
4889,4,4,4,4,4,4
4890,4,4,4,4,4,4
4891,4,5,4,4,3,3
4892,1,2,2,4,5,2
4893,2,4,2,2,2,1
4894,3,4,5,5,5,4
4895,1,1,2,2,4,2
4896,3,3,4,2,3,2
4897,5,5,5,5,5,5
4898,4,4,4,4,4,4
4899,3,3,3,3,3,3
4900,2,4,3,3,3,3
4901,3,4,3,5,4,4
4902,4,4,2,3,4,2
4903,2,3,3,2,4,1
4904,1,3,2,2,2,2
4905,2,5,3,5,4,2
4906,3,4,4,3,3,3
4907,4,5,5,5,4,4
4908,5,5,4,2,4,5
4909,5,5,5,5,5,5
4910,3,3,4,4,3,3
4911,2,3,3,2,3,2
4912,2,4,2,4,3,4
4913,2,4,5,4,4,3
4914,2,4,4,4,2,2
4915,4,5,4,5,5,4
4916,3,4,4,2,4,3
4917,2,3,3,3,3,3
4918,2,4,4,2,4,4
4919,4,5,4,4,3,3
4920,3,3,4,3,4,3
4921,1,2,2,2,2,1
4922,2,2,2,5,3,2
4923,2,5,4,4,4,3
4924,2,3,2,3,3,2
4925,2,2,2,2,2,1
4926,2,4,3,4,2,2
4927,4,4,4,4,5,4
4928,2,3,3,2,2,2
4929,1,1,2,4,3,2
4930,2,4,4,1,2,2
4931,2,3,3,5,3,2
4932,2,2,2,2,3,2
4933,4,4,2,5,4,4
4934,3,3,3,4,4,3
4935,4,4,4,4,4,4
4936,4,2,4,5,5,4
4937,2,4,3,3,2,1
4938,3,3,3,3,3,3
4939,4,5,5,2,5,5
4940,1,3,3,3,3,2
4941,3,2,2,5,4,4
4942,1,1,1,2,1,2
4943,2,4,4,3,5,5
4944,2,3,4,3,3,4
4945,4,4,4,4,3,3
4946,3,4,4,4,4,3
4947,2,3,3,3,2,2
4948,2,4,2,2,3,2
4949,3,2,2,4,3,2
4950,4,3,2,3,4,3
4951,2,2,2,4,3,1
4952,2,4,3,4,4,2
4953,4,4,4,4,4,4
4954,2,2,2,4,4,2
4955,3,4,4,3,4,3
4956,3,4,4,4,4,3
4957,1,3,5,3,3,3
4958,2,4,3,3,4,4
4959,4,4,3,3,4,3
4960,3,4,4,5,4,3
4961,4,4,4,4,4,4
4962,4,4,4,4,4,4
4963,2,3,3,2,3,1
4964,2,2,2,3,2,3
4965,2,2,2,4,4,2
4966,2,4,4,4,2,2
4967,3,4,4,3,4,4
4968,2,3,3,2,3,2
4969,1,4,4,5,3,1
4970,1,1,1,1,2,1
4971,2,4,4,3,4,4
4972,2,4,3,4,3,2
4973,3,3,3,3,3,3
4974,3,4,4,3,4,3
4975,3,3,3,3,4,3
4976,2,4,2,4,4,3
4977,1,1,2,4,3,1
4978,2,4,2,3,4,2
4979,1,4,4,4,3,2
4980,2,3,3,3,4,3
4981,2,4,4,4,4,3
4982,3,3,3,3,4,2
4983,3,3,2,3,4,3
4984,4,4,4,4,4,4
4985,2,4,4,4,3,1
4986,4,4,4,4,4,4
4987,3,4,3,3,3,3
4988,3,4,4,3,3,3
4989,5,5,5,5,4,4
4990,4,3,4,4,4,4
4991,4,4,4,4,4,4
4992,2,4,4,4,2,2
4993,3,3,3,3,3,3
4994,2,5,5,4,5,4
4995,5,4,5,2,4,4
4996,2,4,4,3,4,3
4997,1,1,1,1,2,2
4998,2,4,2,2,4,4
4999,2,2,4,4,4,4
5000,1,3,4,3,3,2
5001,3,4,3,4,4,4
5002,2,4,3,3,4,3
5003,2,2,4,4,3,3
5004,1,4,3,3,4,1
5005,4,4,4,5,4,4
5006,1,1,1,1,1,1
5007,2,2,3,1,4,2
5008,4,4,4,4,4,4
5009,3,4,2,4,4,3
5010,2,4,4,2,4,3
5011,3,4,4,5,4,4
5012,3,4,3,4,4,3
5013,4,4,4,4,4,4
5014,4,4,3,4,4,3
5015,3,4,4,5,4,4
5016,1,2,2,3,2,2
5017,2,2,2,3,4,2
5018,2,4,3,5,4,2
5019,3,4,4,4,4,3
5020,2,4,3,4,4,2
5021,2,4,2,2,4,2
5022,2,3,2,4,2,1
5023,1,2,1,2,3,1
5024,1,1,2,2,3,1
5025,3,4,3,5,2,3
5026,1,2,3,1,3,3
5027,2,3,3,4,4,3
5028,2,4,2,2,3,2
5029,3,3,3,3,3,3
5030,4,4,4,4,4,3
5031,4,5,4,4,4,4
5032,4,4,4,4,4,4
5033,3,2,2,4,3,2
5034,3,2,4,3,4,4
5035,3,4,4,3,4,4
5036,1,1,1,1,1,1
5037,2,3,4,3,4,2
5038,1,2,2,4,3,2
5039,2,2,3,3,3,2
5040,2,4,4,4,4,3
5041,2,4,4,5,4,4
5042,4,4,4,4,4,4
5043,2,1,1,2,2,1
5044,4,3,3,4,4,4
5045,1,2,2,2,4,2
5046,2,5,5,5,4,4
5047,1,1,1,2,2,1
5048,3,4,4,4,3,4
5049,3,4,4,4,4,3
5050,1,1,1,4,1,1
5051,3,3,3,3,4,3
5052,2,5,5,5,5,2
5053,3,4,4,4,5,3
5054,3,4,4,4,4,3
5055,4,5,4,5,5,4
5056,3,3,3,3,3,2
5057,3,4,3,1,4,3
5058,3,4,3,3,5,3
5059,4,4,3,4,4,4
5060,3,3,3,3,3,3
5061,4,5,5,5,5,4
5062,4,5,4,5,4,5
5063,1,3,3,3,2,2
5064,2,3,3,3,3,2
5065,2,4,2,2,4,3
5066,2,3,2,1,1,2
5067,2,2,4,4,4,2
5068,4,4,4,4,4,4
5069,3,4,4,4,4,4
5070,3,5,5,4,5,4
5071,3,4,3,3,4,3
5072,5,5,5,5,5,5
5073,3,2,3,3,3,2
5074,2,3,3,3,3,2
5075,1,2,3,3,3,2
5076,1,4,4,3,4,3
5077,1,2,2,2,2,2
5078,1,3,3,3,3,2
5079,3,4,4,2,5,2
5080,1,4,4,4,4,1
5081,2,5,4,5,5,4
5082,1,4,4,1,3,2
5083,2,4,2,4,3,2
5084,2,4,2,1,2,2
5085,4,3,4,4,4,3
5086,3,3,3,3,3,3
5087,2,2,2,2,4,2
5088,2,2,2,3,4,2
5089,4,4,4,4,5,5
5090,4,4,4,4,4,4
5091,1,3,2,1,3,3
5092,3,4,4,4,4,4
5093,2,3,2,2,3,2
5094,2,4,4,4,3,2
5095,3,5,4,4,4,4
5096,2,3,3,3,3,2
5097,4,5,4,4,4,4
5098,2,4,2,2,3,3
5099,3,4,4,4,4,4
5100,3,3,3,4,4,3
5101,4,5,3,3,4,4
5102,1,3,2,1,3,2
5103,3,2,2,2,4,2
5104,4,5,5,5,5,5
5105,2,3,3,3,3,3
5106,2,4,3,4,3,3
5107,3,4,3,3,4,3
5108,2,4,3,4,4,2
5109,2,2,1,2,2,2
5110,1,3,3,2,4,1
5111,2,4,3,4,3,3
5112,3,3,3,4,3,4
5113,2,3,3,3,4,2
5114,2,3,4,3,4,3
5115,3,4,4,3,4,3
5116,2,3,3,3,4,2
5117,4,4,3,4,4,4
5118,2,3,2,2,2,2
5119,1,3,2,1,2,1
5120,3,3,3,3,4,4
5121,3,4,3,2,4,3
5122,3,2,4,4,3,2
5123,2,3,2,4,2,2
5124,2,4,4,4,4,2
5125,2,3,2,2,2,2
5126,3,4,4,5,4,4
5127,2,4,2,4,2,2
5128,4,4,4,2,3,2
5129,1,3,5,3,3,3
5130,4,4,4,4,4,4
5131,2,4,3,3,4,2
5132,3,4,4,5,4,3
5133,2,4,4,5,5,2
5134,2,3,3,4,3,3
5135,2,3,3,2,4,2
5136,3,3,3,3,3,3
5137,2,3,3,4,3,4
5138,4,5,5,5,5,4
5139,1,2,2,4,2,1
5140,4,4,4,4,4,3
5141,3,1,2,1,3,2
5142,2,1,1,1,2,1
5143,4,4,4,4,4,4
5144,2,3,2,4,2,3
5145,2,2,2,2,2,2
5146,2,3,2,2,2,2
5147,4,4,4,3,3,3
5148,2,4,4,5,5,4
5149,2,2,2,3,2,1
5150,2,2,2,1,1,1
5151,4,4,4,4,4,4
5152,4,3,3,3,3,3
5153,1,3,2,4,3,2
5154,2,4,3,4,3,2
5155,3,4,4,4,4,3
5156,1,2,2,2,3,2
5157,2,4,2,3,4,3
5158,2,3,3,4,3,3
5159,3,3,4,4,4,3
5160,1,1,1,1,1,1
5161,2,3,1,3,3,1
5162,1,3,2,2,4,2
5163,4,4,4,2,4,4
5164,1,1,1,2,1,1
5165,2,3,3,3,4,3
5166,3,4,2,4,5,2
5167,2,4,4,4,3,2
5168,2,4,2,4,4,3
5169,1,2,4,5,3,1
5170,2,4,4,2,4,2
5171,3,4,4,3,2,4
5172,1,4,3,4,4,4
5173,2,3,2,4,4,3
5174,4,3,3,2,4,4
5175,3,4,4,4,3,3
5176,2,4,3,4,2,2
5177,2,4,4,4,4,3
5178,2,3,3,3,3,3
5179,2,4,4,2,2,2
5180,3,3,4,2,4,3
5181,2,3,2,3,3,2
5182,3,4,3,3,4,2
5183,3,2,3,3,3,3
5184,3,3,3,3,3,3
5185,3,3,3,2,4,3
5186,2,2,2,2,2,2
5187,3,4,4,4,4,4
5188,2,4,2,5,4,2
5189,5,5,5,5,5,5
5190,3,4,4,4,4,4
5191,3,3,3,4,4,3
5192,3,3,3,3,4,3
5193,2,4,2,2,3,2
5194,2,3,3,4,2,2
5195,2,4,3,2,3,3
5196,1,2,2,2,2,2
5197,2,2,2,2,4,2
5198,2,2,2,2,3,2
5199,3,5,4,5,5,4
5200,3,4,3,2,3,3
5201,4,4,4,4,4,4
5202,3,4,4,4,4,4
5203,1,4,2,5,4,2
5204,5,5,5,5,4,4
5205,4,5,4,4,4,4
5206,2,4,2,4,2,2
5207,2,3,3,3,2,2
5208,3,4,4,4,4,4
5209,1,3,1,5,4,1
5210,2,2,3,3,4,3
5211,3,3,3,2,3,3
5212,4,4,4,4,4,4
5213,5,5,5,5,5,5
5214,3,3,3,3,3,3
5215,2,3,3,3,4,2
5216,2,2,2,4,4,2
5217,4,4,4,4,5,4
5218,2,3,3,4,4,3
5219,3,3,3,4,4,4
5220,4,4,4,4,4,4
5221,4,4,4,4,4,4
5222,3,3,3,3,3,3
5223,2,4,3,4,3,3
5224,3,4,4,4,4,4
5225,1,3,3,4,2,4
5226,3,4,3,3,4,3
5227,2,2,2,2,2,2
5228,1,4,4,4,4,1
5229,4,5,4,4,5,5
5230,5,5,5,5,5,5
5231,2,2,2,3,2,1
5232,3,3,3,3,3,3
5233,1,4,1,3,1,1
5234,4,4,4,4,4,3
5235,3,3,3,3,3,3
5236,2,2,2,2,3,2
5237,4,5,4,4,4,4
5238,2,4,4,4,4,4
5239,3,3,4,5,3,3
5240,4,4,4,4,4,3
5241,2,4,4,4,4,4
5242,4,4,4,4,4,4
5243,4,5,4,5,4,4
5244,5,5,5,5,5,5
5245,2,5,5,5,5,4
5246,3,3,3,3,3,3
5247,3,4,4,5,4,4
5248,3,5,5,5,4,4
5249,3,4,2,4,3,2
5250,4,4,4,4,4,4
5251,4,4,4,4,4,4
5252,2,4,2,2,2,2
5253,3,1,4,2,4,2
5254,1,2,2,3,3,1
5255,2,3,4,2,4,3
5256,2,3,3,3,2,3
5257,5,5,5,5,5,5
5258,3,3,5,4,3,3
5259,2,3,3,2,3,3
5260,2,3,2,3,2,2
